"ProjectKey","SUT","Variant","Branch","IssueKey","Rule","Type","Severity","Line","Message","NormalizedMessage","Fingerprint","Effort","Debt","Status","Tags","ResultPath"
"zookeeper-snapshotcomparer-c0-production","SnapshotComparer","C0","experiment/snapshot-c0","AaARag18o1r9Pg2Q9qY7","java:S115","CODE_SMELL","CRITICAL","51","Rename this constant name to match the regular expression '^[A-Z][A-Z0-9]*(_[A-Z0-9]+)*$'.","rename this constant name to match the regular expression '^[a-z][a-z<n>-<n>]*(_[a-z<n>-<n>]+)*$'.","java:S115|rename this constant name to match the regular expression '^[a-z][a-z<n>-<n>]*(_[a-z<n>-<n>]+)*$'.","2min","2min","OPEN","convention","C:\Users\casol\Desktop\zookeeper-metrics\snapshotcomparer\c0\sonar-production"
"zookeeper-snapshotcomparer-c0-production","SnapshotComparer","C0","experiment/snapshot-c0","AaARag18o1r9Pg2Q9qY8","java:S115","CODE_SMELL","CRITICAL","52","Rename this constant name to match the regular expression '^[A-Z][A-Z0-9]*(_[A-Z0-9]+)*$'.","rename this constant name to match the regular expression '^[a-z][a-z<n>-<n>]*(_[a-z<n>-<n>]+)*$'.","java:S115|rename this constant name to match the regular expression '^[a-z][a-z<n>-<n>]*(_[a-z<n>-<n>]+)*$'.","2min","2min","OPEN","convention","C:\Users\casol\Desktop\zookeeper-metrics\snapshotcomparer\c0\sonar-production"
"zookeeper-snapshotcomparer-c0-production","SnapshotComparer","C0","experiment/snapshot-c0","AaARag18o1r9Pg2Q9qY9","java:S115","CODE_SMELL","CRITICAL","53","Rename this constant name to match the regular expression '^[A-Z][A-Z0-9]*(_[A-Z0-9]+)*$'.","rename this constant name to match the regular expression '^[a-z][a-z<n>-<n>]*(_[a-z<n>-<n>]+)*$'.","java:S115|rename this constant name to match the regular expression '^[a-z][a-z<n>-<n>]*(_[a-z<n>-<n>]+)*$'.","2min","2min","OPEN","convention","C:\Users\casol\Desktop\zookeeper-metrics\snapshotcomparer\c0\sonar-production"
"zookeeper-snapshotcomparer-c0-production","SnapshotComparer","C0","experiment/snapshot-c0","AaARag18o1r9Pg2Q9qY-","java:S115","CODE_SMELL","CRITICAL","54","Rename this constant name to match the regular expression '^[A-Z][A-Z0-9]*(_[A-Z0-9]+)*$'.","rename this constant name to match the regular expression '^[a-z][a-z<n>-<n>]*(_[a-z<n>-<n>]+)*$'.","java:S115|rename this constant name to match the regular expression '^[a-z][a-z<n>-<n>]*(_[a-z<n>-<n>]+)*$'.","2min","2min","OPEN","convention","C:\Users\casol\Desktop\zookeeper-metrics\snapshotcomparer\c0\sonar-production"
"zookeeper-snapshotcomparer-c0-production","SnapshotComparer","C0","experiment/snapshot-c0","AaARag18o1r9Pg2Q9qY_","java:S115","CODE_SMELL","CRITICAL","55","Rename this constant name to match the regular expression '^[A-Z][A-Z0-9]*(_[A-Z0-9]+)*$'.","rename this constant name to match the regular expression '^[a-z][a-z<n>-<n>]*(_[a-z<n>-<n>]+)*$'.","java:S115|rename this constant name to match the regular expression '^[a-z][a-z<n>-<n>]*(_[a-z<n>-<n>]+)*$'.","2min","2min","OPEN","convention","C:\Users\casol\Desktop\zookeeper-metrics\snapshotcomparer\c0\sonar-production"
"zookeeper-snapshotcomparer-c0-production","SnapshotComparer","C0","experiment/snapshot-c0","AaARag18o1r9Pg2Q9qZA","java:S115","CODE_SMELL","CRITICAL","56","Rename this constant name to match the regular expression '^[A-Z][A-Z0-9]*(_[A-Z0-9]+)*$'.","rename this constant name to match the regular expression '^[a-z][a-z<n>-<n>]*(_[a-z<n>-<n>]+)*$'.","java:S115|rename this constant name to match the regular expression '^[a-z][a-z<n>-<n>]*(_[a-z<n>-<n>]+)*$'.","2min","2min","OPEN","convention","C:\Users\casol\Desktop\zookeeper-metrics\snapshotcomparer\c0\sonar-production"
"zookeeper-snapshotcomparer-c0-production","SnapshotComparer","C0","experiment/snapshot-c0","AaARag19o1r9Pg2Q9qZB","java:S106","CODE_SMELL","MAJOR","122","Replace this use of System.out or System.err by a logger.","replace this use of system.out or system.err by a logger.","java:S106|replace this use of system.out or system.err by a logger.","10min","10min","OPEN","bad-practice;cert;owasp-a3","C:\Users\casol\Desktop\zookeeper-metrics\snapshotcomparer\c0\sonar-production"
"zookeeper-snapshotcomparer-c0-production","SnapshotComparer","C0","experiment/snapshot-c0","AaARag19o1r9Pg2Q9qZC","java:S106","CODE_SMELL","MAJOR","134","Replace this use of System.out or System.err by a logger.","replace this use of system.out or system.err by a logger.","java:S106|replace this use of system.out or system.err by a logger.","10min","10min","OPEN","bad-practice;cert;owasp-a3","C:\Users\casol\Desktop\zookeeper-metrics\snapshotcomparer\c0\sonar-production"
"zookeeper-snapshotcomparer-c0-production","SnapshotComparer","C0","experiment/snapshot-c0","AaARag19o1r9Pg2Q9qZD","java:S106","CODE_SMELL","MAJOR","138","Replace this use of System.out or System.err by a logger.","replace this use of system.out or system.err by a logger.","java:S106|replace this use of system.out or system.err by a logger.","10min","10min","OPEN","bad-practice;cert;owasp-a3","C:\Users\casol\Desktop\zookeeper-metrics\snapshotcomparer\c0\sonar-production"
"zookeeper-snapshotcomparer-c0-production","SnapshotComparer","C0","experiment/snapshot-c0","AaARag19o1r9Pg2Q9qZE","java:S106","CODE_SMELL","MAJOR","139","Replace this use of System.out or System.err by a logger.","replace this use of system.out or system.err by a logger.","java:S106|replace this use of system.out or system.err by a logger.","10min","10min","OPEN","bad-practice;cert;owasp-a3","C:\Users\casol\Desktop\zookeeper-metrics\snapshotcomparer\c0\sonar-production"
"zookeeper-snapshotcomparer-c0-production","SnapshotComparer","C0","experiment/snapshot-c0","AaARag19o1r9Pg2Q9qZF","java:S1075","CODE_SMELL","MINOR","185","Remove this hard-coded path-delimiter.","remove this hard-coded path-delimiter.","java:S1075|remove this hard-coded path-delimiter.","20min","20min","OPEN","android;cert","C:\Users\casol\Desktop\zookeeper-metrics\snapshotcomparer\c0\sonar-production"
"zookeeper-snapshotcomparer-c0-production","SnapshotComparer","C0","experiment/snapshot-c0","AaARag19o1r9Pg2Q9qZG","java:S1117","CODE_SMELL","MAJOR","187","Rename ""size"" which hides the field declared at line 147.","rename ""size"" which hides the field declared at line <n>.","java:S1117|rename ""size"" which hides the field declared at line <n>.","5min","5min","OPEN","cert;pitfall;suspicious","C:\Users\casol\Desktop\zookeeper-metrics\snapshotcomparer\c0\sonar-production"
"zookeeper-snapshotcomparer-c0-production","SnapshotComparer","C0","experiment/snapshot-c0","AaARag19o1r9Pg2Q9qZH","java:S1117","CODE_SMELL","MAJOR","219","Rename ""root"" which hides the field declared at line 209.","rename ""root"" which hides the field declared at line <n>.","java:S1117|rename ""root"" which hides the field declared at line <n>.","5min","5min","OPEN","cert;pitfall;suspicious","C:\Users\casol\Desktop\zookeeper-metrics\snapshotcomparer\c0\sonar-production"
"zookeeper-snapshotcomparer-c0-production","SnapshotComparer","C0","experiment/snapshot-c0","AaARag19o1r9Pg2Q9qZI","java:S106","CODE_SMELL","MAJOR","226","Replace this use of System.out or System.err by a logger.","replace this use of system.out or system.err by a logger.","java:S106|replace this use of system.out or system.err by a logger.","10min","10min","OPEN","bad-practice;cert;owasp-a3","C:\Users\casol\Desktop\zookeeper-metrics\snapshotcomparer\c0\sonar-production"
"zookeeper-snapshotcomparer-c0-production","SnapshotComparer","C0","experiment/snapshot-c0","AaARag19o1r9Pg2Q9qZJ","java:S1110","CODE_SMELL","MAJOR","227","Remove these useless parentheses.","remove these useless parentheses.","java:S1110|remove these useless parentheses.","1min","1min","OPEN","confusing","C:\Users\casol\Desktop\zookeeper-metrics\snapshotcomparer\c0\sonar-production"
"zookeeper-snapshotcomparer-c0-production","SnapshotComparer","C0","experiment/snapshot-c0","AaARag19o1r9Pg2Q9qZK","java:S100","CODE_SMELL","MINOR","251","Rename this method name to match the regular expression '^[a-z][a-zA-Z0-9]*$'.","rename this method name to match the regular expression '^[a-z][a-za-z<n>-<n>]*$'.","java:S100|rename this method name to match the regular expression '^[a-z][a-za-z<n>-<n>]*$'.","5min","5min","OPEN","convention","C:\Users\casol\Desktop\zookeeper-metrics\snapshotcomparer\c0\sonar-production"
"zookeeper-snapshotcomparer-c0-production","SnapshotComparer","C0","experiment/snapshot-c0","AaARag1-o1r9Pg2Q9qZl","java:S3398","CODE_SMELL","MINOR","261","Move this method into ""TreeInfo"".","move this method into ""treeinfo"".","java:S3398|move this method into ""treeinfo"".","5min","5min","OPEN","confusing","C:\Users\casol\Desktop\zookeeper-metrics\snapshotcomparer\c0\sonar-production"
"zookeeper-snapshotcomparer-c0-production","SnapshotComparer","C0","experiment/snapshot-c0","AaARag18o1r9Pg2Q9qY2","java:S112","CODE_SMELL","MAJOR","261","Define and throw a dedicated exception instead of using a generic one.","define and throw a dedicated exception instead of using a generic one.","java:S112|define and throw a dedicated exception instead of using a generic one.","20min","20min","OPEN","cert;cwe;error-handling","C:\Users\casol\Desktop\zookeeper-metrics\snapshotcomparer\c0\sonar-production"
"zookeeper-snapshotcomparer-c0-production","SnapshotComparer","C0","experiment/snapshot-c0","AaARag19o1r9Pg2Q9qZL","java:S106","CODE_SMELL","MAJOR","270","Replace this use of System.out or System.err by a logger.","replace this use of system.out or system.err by a logger.","java:S106|replace this use of system.out or system.err by a logger.","10min","10min","OPEN","bad-practice;cert;owasp-a3","C:\Users\casol\Desktop\zookeeper-metrics\snapshotcomparer\c0\sonar-production"
"zookeeper-snapshotcomparer-c0-production","SnapshotComparer","C0","experiment/snapshot-c0","AaARag19o1r9Pg2Q9qZM","java:S1110","CODE_SMELL","MAJOR","271","Remove these useless parentheses.","remove these useless parentheses.","java:S1110|remove these useless parentheses.","1min","1min","OPEN","confusing","C:\Users\casol\Desktop\zookeeper-metrics\snapshotcomparer\c0\sonar-production"
"zookeeper-snapshotcomparer-c0-production","SnapshotComparer","C0","experiment/snapshot-c0","AaARag19o1r9Pg2Q9qZN","java:S106","CODE_SMELL","MAJOR","276","Replace this use of System.out or System.err by a logger.","replace this use of system.out or system.err by a logger.","java:S106|replace this use of system.out or system.err by a logger.","10min","10min","OPEN","bad-practice;cert;owasp-a3","C:\Users\casol\Desktop\zookeeper-metrics\snapshotcomparer\c0\sonar-production"
"zookeeper-snapshotcomparer-c0-production","SnapshotComparer","C0","experiment/snapshot-c0","AaARag19o1r9Pg2Q9qZO","java:S3776","CODE_SMELL","CRITICAL","279","Refactor this method to reduce its Cognitive Complexity from 26 to the 15 allowed.","refactor this method to reduce its cognitive complexity from <n> to the <n> allowed.","java:S3776|refactor this method to reduce its cognitive complexity from <n> to the <n> allowed.","16min","16min","OPEN","brain-overload","C:\Users\casol\Desktop\zookeeper-metrics\snapshotcomparer\c0\sonar-production"
"zookeeper-snapshotcomparer-c0-production","SnapshotComparer","C0","experiment/snapshot-c0","AaARag18o1r9Pg2Q9qY5","java:S1192","CODE_SMELL","CRITICAL","285","Define a constant instead of duplicating this literal ""Analysis for depth %d"" 3 times.","define a constant instead of duplicating this literal ""analysis for depth %d"" <n> times.","java:S1192|define a constant instead of duplicating this literal ""analysis for depth %d"" <n> times.","8min","8min","OPEN","design","C:\Users\casol\Desktop\zookeeper-metrics\snapshotcomparer\c0\sonar-production"
"zookeeper-snapshotcomparer-c0-production","SnapshotComparer","C0","experiment/snapshot-c0","AaARag19o1r9Pg2Q9qZP","java:S106","CODE_SMELL","MAJOR","285","Replace this use of System.out or System.err by a logger.","replace this use of system.out or system.err by a logger.","java:S106|replace this use of system.out or system.err by a logger.","10min","10min","OPEN","bad-practice;cert;owasp-a3","C:\Users\casol\Desktop\zookeeper-metrics\snapshotcomparer\c0\sonar-production"
"zookeeper-snapshotcomparer-c0-production","SnapshotComparer","C0","experiment/snapshot-c0","AaARag19o1r9Pg2Q9qZQ","java:S106","CODE_SMELL","MAJOR","293","Replace this use of System.out or System.err by a logger.","replace this use of system.out or system.err by a logger.","java:S106|replace this use of system.out or system.err by a logger.","10min","10min","OPEN","bad-practice;cert;owasp-a3","C:\Users\casol\Desktop\zookeeper-metrics\snapshotcomparer\c0\sonar-production"
"zookeeper-snapshotcomparer-c0-production","SnapshotComparer","C0","experiment/snapshot-c0","AaARag19o1r9Pg2Q9qZR","java:S106","CODE_SMELL","MAJOR","294","Replace this use of System.out or System.err by a logger.","replace this use of system.out or system.err by a logger.","java:S106|replace this use of system.out or system.err by a logger.","10min","10min","OPEN","bad-practice;cert;owasp-a3","C:\Users\casol\Desktop\zookeeper-metrics\snapshotcomparer\c0\sonar-production"
"zookeeper-snapshotcomparer-c0-production","SnapshotComparer","C0","experiment/snapshot-c0","AaARag19o1r9Pg2Q9qZS","java:S106","CODE_SMELL","MAJOR","299","Replace this use of System.out or System.err by a logger.","replace this use of system.out or system.err by a logger.","java:S106|replace this use of system.out or system.err by a logger.","10min","10min","OPEN","bad-practice;cert;owasp-a3","C:\Users\casol\Desktop\zookeeper-metrics\snapshotcomparer\c0\sonar-production"
"zookeeper-snapshotcomparer-c0-production","SnapshotComparer","C0","experiment/snapshot-c0","AaARag19o1r9Pg2Q9qZT","java:S106","CODE_SMELL","MAJOR","305","Replace this use of System.out or System.err by a logger.","replace this use of system.out or system.err by a logger.","java:S106|replace this use of system.out or system.err by a logger.","10min","10min","OPEN","bad-practice;cert;owasp-a3","C:\Users\casol\Desktop\zookeeper-metrics\snapshotcomparer\c0\sonar-production"
"zookeeper-snapshotcomparer-c0-production","SnapshotComparer","C0","experiment/snapshot-c0","AaARag19o1r9Pg2Q9qZU","java:S106","CODE_SMELL","MAJOR","312","Replace this use of System.out or System.err by a logger.","replace this use of system.out or system.err by a logger.","java:S106|replace this use of system.out or system.err by a logger.","10min","10min","OPEN","bad-practice;cert;owasp-a3","C:\Users\casol\Desktop\zookeeper-metrics\snapshotcomparer\c0\sonar-production"
"zookeeper-snapshotcomparer-c0-production","SnapshotComparer","C0","experiment/snapshot-c0","AaARag19o1r9Pg2Q9qZV","java:S106","CODE_SMELL","MAJOR","316","Replace this use of System.out or System.err by a logger.","replace this use of system.out or system.err by a logger.","java:S106|replace this use of system.out or system.err by a logger.","10min","10min","OPEN","bad-practice;cert;owasp-a3","C:\Users\casol\Desktop\zookeeper-metrics\snapshotcomparer\c0\sonar-production"
"zookeeper-snapshotcomparer-c0-production","SnapshotComparer","C0","experiment/snapshot-c0","AaARag19o1r9Pg2Q9qZW","java:S106","CODE_SMELL","MAJOR","320","Replace this use of System.out or System.err by a logger.","replace this use of system.out or system.err by a logger.","java:S106|replace this use of system.out or system.err by a logger.","10min","10min","OPEN","bad-practice;cert;owasp-a3","C:\Users\casol\Desktop\zookeeper-metrics\snapshotcomparer\c0\sonar-production"
"zookeeper-snapshotcomparer-c0-production","SnapshotComparer","C0","experiment/snapshot-c0","AaARag19o1r9Pg2Q9qZX","java:S106","CODE_SMELL","MAJOR","324","Replace this use of System.out or System.err by a logger.","replace this use of system.out or system.err by a logger.","java:S106|replace this use of system.out or system.err by a logger.","10min","10min","OPEN","bad-practice;cert;owasp-a3","C:\Users\casol\Desktop\zookeeper-metrics\snapshotcomparer\c0\sonar-production"
"zookeeper-snapshotcomparer-c0-production","SnapshotComparer","C0","experiment/snapshot-c0","AaARag19o1r9Pg2Q9qZY","java:S106","CODE_SMELL","MAJOR","327","Replace this use of System.out or System.err by a logger.","replace this use of system.out or system.err by a logger.","java:S106|replace this use of system.out or system.err by a logger.","10min","10min","OPEN","bad-practice;cert;owasp-a3","C:\Users\casol\Desktop\zookeeper-metrics\snapshotcomparer\c0\sonar-production"
"zookeeper-snapshotcomparer-c0-production","SnapshotComparer","C0","experiment/snapshot-c0","AaARag18o1r9Pg2Q9qY3","java:S2293","CODE_SMELL","MINOR","334","Replace the type specification in this constructor call with the diamond operator (""<>"").","replace the type specification in this constructor call with the diamond operator (""<>"").","java:S2293|replace the type specification in this constructor call with the diamond operator (""<>"").","1min","1min","OPEN","clumsy","C:\Users\casol\Desktop\zookeeper-metrics\snapshotcomparer\c0\sonar-production"
"zookeeper-snapshotcomparer-c0-production","SnapshotComparer","C0","experiment/snapshot-c0","AaARag18o1r9Pg2Q9qY4","java:S2293","CODE_SMELL","MINOR","335","Replace the type specification in this constructor call with the diamond operator (""<>"").","replace the type specification in this constructor call with the diamond operator (""<>"").","java:S2293|replace the type specification in this constructor call with the diamond operator (""<>"").","1min","1min","OPEN","clumsy","C:\Users\casol\Desktop\zookeeper-metrics\snapshotcomparer\c0\sonar-production"
"zookeeper-snapshotcomparer-c0-production","SnapshotComparer","C0","experiment/snapshot-c0","AaARag19o1r9Pg2Q9qZZ","java:S106","CODE_SMELL","MAJOR","338","Replace this use of System.out or System.err by a logger.","replace this use of system.out or system.err by a logger.","java:S106|replace this use of system.out or system.err by a logger.","10min","10min","OPEN","bad-practice;cert;owasp-a3","C:\Users\casol\Desktop\zookeeper-metrics\snapshotcomparer\c0\sonar-production"
"zookeeper-snapshotcomparer-c0-production","SnapshotComparer","C0","experiment/snapshot-c0","AaARag19o1r9Pg2Q9qZa","java:S3776","CODE_SMELL","CRITICAL","361","Refactor this method to reduce its Cognitive Complexity from 31 to the 15 allowed.","refactor this method to reduce its cognitive complexity from <n> to the <n> allowed.","java:S3776|refactor this method to reduce its cognitive complexity from <n> to the <n> allowed.","21min","21min","OPEN","brain-overload","C:\Users\casol\Desktop\zookeeper-metrics\snapshotcomparer\c0\sonar-production"
"zookeeper-snapshotcomparer-c0-production","SnapshotComparer","C0","experiment/snapshot-c0","AaARag19o1r9Pg2Q9qZb","java:S106","CODE_SMELL","MAJOR","384","Replace this use of System.out or System.err by a logger.","replace this use of system.out or system.err by a logger.","java:S106|replace this use of system.out or system.err by a logger.","10min","10min","OPEN","bad-practice;cert;owasp-a3","C:\Users\casol\Desktop\zookeeper-metrics\snapshotcomparer\c0\sonar-production"
"zookeeper-snapshotcomparer-c0-production","SnapshotComparer","C0","experiment/snapshot-c0","AaARag19o1r9Pg2Q9qZc","java:S106","CODE_SMELL","MAJOR","389","Replace this use of System.out or System.err by a logger.","replace this use of system.out or system.err by a logger.","java:S106|replace this use of system.out or system.err by a logger.","10min","10min","OPEN","bad-practice;cert;owasp-a3","C:\Users\casol\Desktop\zookeeper-metrics\snapshotcomparer\c0\sonar-production"
"zookeeper-snapshotcomparer-c0-production","SnapshotComparer","C0","experiment/snapshot-c0","AaARag1-o1r9Pg2Q9qZd","java:S106","CODE_SMELL","MAJOR","395","Replace this use of System.out or System.err by a logger.","replace this use of system.out or system.err by a logger.","java:S106|replace this use of system.out or system.err by a logger.","10min","10min","OPEN","bad-practice;cert;owasp-a3","C:\Users\casol\Desktop\zookeeper-metrics\snapshotcomparer\c0\sonar-production"
"zookeeper-snapshotcomparer-c0-production","SnapshotComparer","C0","experiment/snapshot-c0","AaARag1-o1r9Pg2Q9qZe","java:S106","CODE_SMELL","MAJOR","401","Replace this use of System.out or System.err by a logger.","replace this use of system.out or system.err by a logger.","java:S106|replace this use of system.out or system.err by a logger.","10min","10min","OPEN","bad-practice;cert;owasp-a3","C:\Users\casol\Desktop\zookeeper-metrics\snapshotcomparer\c0\sonar-production"
"zookeeper-snapshotcomparer-c0-production","SnapshotComparer","C0","experiment/snapshot-c0","AaARag18o1r9Pg2Q9qY6","java:S2259","BUG","MAJOR","411","""NullPointerException"" will be thrown when invoking method ""printRightOnly()"".","""nullpointerexception"" will be thrown when invoking method ""printrightonly()"".","java:S2259|""nullpointerexception"" will be thrown when invoking method ""printrightonly()"".","10min","10min","OPEN","cert;cwe","C:\Users\casol\Desktop\zookeeper-metrics\snapshotcomparer\c0\sonar-production"
"zookeeper-snapshotcomparer-c0-production","SnapshotComparer","C0","experiment/snapshot-c0","AaARag1-o1r9Pg2Q9qZf","java:S106","CODE_SMELL","MAJOR","425","Replace this use of System.out or System.err by a logger.","replace this use of system.out or system.err by a logger.","java:S106|replace this use of system.out or system.err by a logger.","10min","10min","OPEN","bad-practice;cert;owasp-a3","C:\Users\casol\Desktop\zookeeper-metrics\snapshotcomparer\c0\sonar-production"
"zookeeper-snapshotcomparer-c0-production","SnapshotComparer","C0","experiment/snapshot-c0","AaARag1-o1r9Pg2Q9qZg","java:S106","CODE_SMELL","MAJOR","427","Replace this use of System.out or System.err by a logger.","replace this use of system.out or system.err by a logger.","java:S106|replace this use of system.out or system.err by a logger.","10min","10min","OPEN","bad-practice;cert;owasp-a3","C:\Users\casol\Desktop\zookeeper-metrics\snapshotcomparer\c0\sonar-production"
"zookeeper-snapshotcomparer-c0-production","SnapshotComparer","C0","experiment/snapshot-c0","AaARag1-o1r9Pg2Q9qZh","java:S106","CODE_SMELL","MAJOR","436","Replace this use of System.out or System.err by a logger.","replace this use of system.out or system.err by a logger.","java:S106|replace this use of system.out or system.err by a logger.","10min","10min","OPEN","bad-practice;cert;owasp-a3","C:\Users\casol\Desktop\zookeeper-metrics\snapshotcomparer\c0\sonar-production"
"zookeeper-snapshotcomparer-c0-production","SnapshotComparer","C0","experiment/snapshot-c0","AaARag1-o1r9Pg2Q9qZi","java:S106","CODE_SMELL","MAJOR","438","Replace this use of System.out or System.err by a logger.","replace this use of system.out or system.err by a logger.","java:S106|replace this use of system.out or system.err by a logger.","10min","10min","OPEN","bad-practice;cert;owasp-a3","C:\Users\casol\Desktop\zookeeper-metrics\snapshotcomparer\c0\sonar-production"
"zookeeper-snapshotcomparer-c0-production","SnapshotComparer","C0","experiment/snapshot-c0","AaARag1-o1r9Pg2Q9qZj","java:S106","CODE_SMELL","MAJOR","445","Replace this use of System.out or System.err by a logger.","replace this use of system.out or system.err by a logger.","java:S106|replace this use of system.out or system.err by a logger.","10min","10min","OPEN","bad-practice;cert;owasp-a3","C:\Users\casol\Desktop\zookeeper-metrics\snapshotcomparer\c0\sonar-production"
"zookeeper-snapshotcomparer-c0-production","SnapshotComparer","C0","experiment/snapshot-c0","AaARag1-o1r9Pg2Q9qZk","java:S106","CODE_SMELL","MAJOR","451","Replace this use of System.out or System.err by a logger.","replace this use of system.out or system.err by a logger.","java:S106|replace this use of system.out or system.err by a logger.","10min","10min","OPEN","bad-practice;cert;owasp-a3","C:\Users\casol\Desktop\zookeeper-metrics\snapshotcomparer\c0\sonar-production"
"zookeeper-snapshotcomparer-c1-production","SnapshotComparer","C1","experiment/snapshot-c1","AaARb43Uo1r9Pg2Q9qc5","java:S106","CODE_SMELL","MAJOR","180","Replace this use of System.out or System.err by a logger.","replace this use of system.out or system.err by a logger.","java:S106|replace this use of system.out or system.err by a logger.","10min","10min","OPEN","bad-practice;cert;owasp-a3","C:\Users\casol\Desktop\zookeeper-metrics\snapshotcomparer\c1\sonar-production"
"zookeeper-snapshotcomparer-c1-production","SnapshotComparer","C1","experiment/snapshot-c1","AaARb43Uo1r9Pg2Q9qc6","java:S1075","CODE_SMELL","MINOR","270","Remove this hard-coded path-delimiter.","remove this hard-coded path-delimiter.","java:S1075|remove this hard-coded path-delimiter.","20min","20min","OPEN","android;cert","C:\Users\casol\Desktop\zookeeper-metrics\snapshotcomparer\c1\sonar-production"
"zookeeper-snapshotcomparer-c1-production","SnapshotComparer","C1","experiment/snapshot-c1","AaARb43Uo1r9Pg2Q9qc7","java:S2445","BUG","MAJOR","285","""node"" is a method parameter, and should not be used for synchronization.","""node"" is a method parameter, and should not be used for synchronization.","java:S2445|""node"" is a method parameter, and should not be used for synchronization.","15min","15min","OPEN","cert;cwe;multi-threading","C:\Users\casol\Desktop\zookeeper-metrics\snapshotcomparer\c1\sonar-production"
"zookeeper-snapshotcomparer-c1-production","SnapshotComparer","C1","experiment/snapshot-c1","AaARb43Uo1r9Pg2Q9qc8","java:S106","CODE_SMELL","MAJOR","322","Replace this use of System.out or System.err by a logger.","replace this use of system.out or system.err by a logger.","java:S106|replace this use of system.out or system.err by a logger.","10min","10min","OPEN","bad-practice;cert;owasp-a3","C:\Users\casol\Desktop\zookeeper-metrics\snapshotcomparer\c1\sonar-production"
"zookeeper-snapshotcomparer-c1-production","SnapshotComparer","C1","experiment/snapshot-c1","AaARb43Uo1r9Pg2Q9qc-","java:S106","CODE_SMELL","MAJOR","383","Replace this use of System.out or System.err by a logger.","replace this use of system.out or system.err by a logger.","java:S106|replace this use of system.out or system.err by a logger.","10min","10min","OPEN","bad-practice;cert;owasp-a3","C:\Users\casol\Desktop\zookeeper-metrics\snapshotcomparer\c1\sonar-production"
"zookeeper-snapshotcomparer-c1-production","SnapshotComparer","C1","experiment/snapshot-c1","AaARb43Uo1r9Pg2Q9qc_","java:S1110","CODE_SMELL","MAJOR","392","Remove these useless parentheses.","remove these useless parentheses.","java:S1110|remove these useless parentheses.","1min","1min","OPEN","confusing","C:\Users\casol\Desktop\zookeeper-metrics\snapshotcomparer\c1\sonar-production"
"zookeeper-snapshotcomparer-c1-production","SnapshotComparer","C1","experiment/snapshot-c1","AaARb43Uo1r9Pg2Q9qdA","java:S106","CODE_SMELL","MAJOR","399","Replace this use of System.out or System.err by a logger.","replace this use of system.out or system.err by a logger.","java:S106|replace this use of system.out or system.err by a logger.","10min","10min","OPEN","bad-practice;cert;owasp-a3","C:\Users\casol\Desktop\zookeeper-metrics\snapshotcomparer\c1\sonar-production"
"zookeeper-snapshotcomparer-c1-production","SnapshotComparer","C1","experiment/snapshot-c1","AaARb43Uo1r9Pg2Q9qdB","java:S106","CODE_SMELL","MAJOR","435","Replace this use of System.out or System.err by a logger.","replace this use of system.out or system.err by a logger.","java:S106|replace this use of system.out or system.err by a logger.","10min","10min","OPEN","bad-practice;cert;owasp-a3","C:\Users\casol\Desktop\zookeeper-metrics\snapshotcomparer\c1\sonar-production"
"zookeeper-snapshotcomparer-c1-production","SnapshotComparer","C1","experiment/snapshot-c1","AaARb43Uo1r9Pg2Q9qdC","java:S106","CODE_SMELL","MAJOR","449","Replace this use of System.out or System.err by a logger.","replace this use of system.out or system.err by a logger.","java:S106|replace this use of system.out or system.err by a logger.","10min","10min","OPEN","bad-practice;cert;owasp-a3","C:\Users\casol\Desktop\zookeeper-metrics\snapshotcomparer\c1\sonar-production"
"zookeeper-snapshotcomparer-c1-production","SnapshotComparer","C1","experiment/snapshot-c1","AaARb43Uo1r9Pg2Q9qdD","java:S106","CODE_SMELL","MAJOR","509","Replace this use of System.out or System.err by a logger.","replace this use of system.out or system.err by a logger.","java:S106|replace this use of system.out or system.err by a logger.","10min","10min","OPEN","bad-practice;cert;owasp-a3","C:\Users\casol\Desktop\zookeeper-metrics\snapshotcomparer\c1\sonar-production"
"zookeeper-snapshotcomparer-c1-production","SnapshotComparer","C1","experiment/snapshot-c1","AaARb43Vo1r9Pg2Q9qdE","java:S106","CODE_SMELL","MAJOR","514","Replace this use of System.out or System.err by a logger.","replace this use of system.out or system.err by a logger.","java:S106|replace this use of system.out or system.err by a logger.","10min","10min","OPEN","bad-practice;cert;owasp-a3","C:\Users\casol\Desktop\zookeeper-metrics\snapshotcomparer\c1\sonar-production"
"zookeeper-snapshotcomparer-c1-production","SnapshotComparer","C1","experiment/snapshot-c1","AaARb43Vo1r9Pg2Q9qdF","java:S106","CODE_SMELL","MAJOR","518","Replace this use of System.out or System.err by a logger.","replace this use of system.out or system.err by a logger.","java:S106|replace this use of system.out or system.err by a logger.","10min","10min","OPEN","bad-practice;cert;owasp-a3","C:\Users\casol\Desktop\zookeeper-metrics\snapshotcomparer\c1\sonar-production"
"zookeeper-snapshotcomparer-c1-production","SnapshotComparer","C1","experiment/snapshot-c1","AaARb43Vo1r9Pg2Q9qdG","java:S106","CODE_SMELL","MAJOR","533","Replace this use of System.out or System.err by a logger.","replace this use of system.out or system.err by a logger.","java:S106|replace this use of system.out or system.err by a logger.","10min","10min","OPEN","bad-practice;cert;owasp-a3","C:\Users\casol\Desktop\zookeeper-metrics\snapshotcomparer\c1\sonar-production"
"zookeeper-snapshotcomparer-c1-production","SnapshotComparer","C1","experiment/snapshot-c1","AaARb43Vo1r9Pg2Q9qdH","java:S106","CODE_SMELL","MAJOR","555","Replace this use of System.out or System.err by a logger.","replace this use of system.out or system.err by a logger.","java:S106|replace this use of system.out or system.err by a logger.","10min","10min","OPEN","bad-practice;cert;owasp-a3","C:\Users\casol\Desktop\zookeeper-metrics\snapshotcomparer\c1\sonar-production"
"zookeeper-snapshotcomparer-c1-production","SnapshotComparer","C1","experiment/snapshot-c1","AaARb43Uo1r9Pg2Q9qc1","java:S107","CODE_SMELL","MAJOR","569","Method has 8 parameters, which is greater than 7 authorized.","method has <n> parameters, which is greater than <n> authorized.","java:S107|method has <n> parameters, which is greater than <n> authorized.","20min","20min","OPEN","brain-overload","C:\Users\casol\Desktop\zookeeper-metrics\snapshotcomparer\c1\sonar-production"
"zookeeper-snapshotcomparer-c1-production","SnapshotComparer","C1","experiment/snapshot-c1","AaARb43Vo1r9Pg2Q9qdI","java:S106","CODE_SMELL","MAJOR","583","Replace this use of System.out or System.err by a logger.","replace this use of system.out or system.err by a logger.","java:S106|replace this use of system.out or system.err by a logger.","10min","10min","OPEN","bad-practice;cert;owasp-a3","C:\Users\casol\Desktop\zookeeper-metrics\snapshotcomparer\c1\sonar-production"
"zookeeper-snapshotcomparer-c1-production","SnapshotComparer","C1","experiment/snapshot-c1","AaARb43Vo1r9Pg2Q9qdJ","java:S106","CODE_SMELL","MAJOR","600","Replace this use of System.out or System.err by a logger.","replace this use of system.out or system.err by a logger.","java:S106|replace this use of system.out or system.err by a logger.","10min","10min","OPEN","bad-practice;cert;owasp-a3","C:\Users\casol\Desktop\zookeeper-metrics\snapshotcomparer\c1\sonar-production"
"zookeeper-snapshotcomparer-c1-production","SnapshotComparer","C1","experiment/snapshot-c1","AaARb43To1r9Pg2Q9qcw","java:S2293","CODE_SMELL","MINOR","625","Replace the type specification in this constructor call with the diamond operator (""<>"").","replace the type specification in this constructor call with the diamond operator (""<>"").","java:S2293|replace the type specification in this constructor call with the diamond operator (""<>"").","1min","1min","OPEN","clumsy","C:\Users\casol\Desktop\zookeeper-metrics\snapshotcomparer\c1\sonar-production"
"zookeeper-snapshotcomparer-c1-production","SnapshotComparer","C1","experiment/snapshot-c1","AaARb43To1r9Pg2Q9qcx","java:S2293","CODE_SMELL","MINOR","630","Replace the type specification in this constructor call with the diamond operator (""<>"").","replace the type specification in this constructor call with the diamond operator (""<>"").","java:S2293|replace the type specification in this constructor call with the diamond operator (""<>"").","1min","1min","OPEN","clumsy","C:\Users\casol\Desktop\zookeeper-metrics\snapshotcomparer\c1\sonar-production"
"zookeeper-snapshotcomparer-c1-production","SnapshotComparer","C1","experiment/snapshot-c1","AaARb43Vo1r9Pg2Q9qdK","java:S106","CODE_SMELL","MAJOR","634","Replace this use of System.out or System.err by a logger.","replace this use of system.out or system.err by a logger.","java:S106|replace this use of system.out or system.err by a logger.","10min","10min","OPEN","bad-practice;cert;owasp-a3","C:\Users\casol\Desktop\zookeeper-metrics\snapshotcomparer\c1\sonar-production"
"zookeeper-snapshotcomparer-c1-production","SnapshotComparer","C1","experiment/snapshot-c1","AaARb43To1r9Pg2Q9qcy","java:S2293","CODE_SMELL","MINOR","691","Replace the type specification in this constructor call with the diamond operator (""<>"").","replace the type specification in this constructor call with the diamond operator (""<>"").","java:S2293|replace the type specification in this constructor call with the diamond operator (""<>"").","1min","1min","OPEN","clumsy","C:\Users\casol\Desktop\zookeeper-metrics\snapshotcomparer\c1\sonar-production"
"zookeeper-snapshotcomparer-c1-production","SnapshotComparer","C1","experiment/snapshot-c1","AaARb43Vo1r9Pg2Q9qdL","java:S3776","CODE_SMELL","CRITICAL","695","Refactor this method to reduce its Cognitive Complexity from 21 to the 15 allowed.","refactor this method to reduce its cognitive complexity from <n> to the <n> allowed.","java:S3776|refactor this method to reduce its cognitive complexity from <n> to the <n> allowed.","11min","11min","OPEN","brain-overload","C:\Users\casol\Desktop\zookeeper-metrics\snapshotcomparer\c1\sonar-production"
"zookeeper-snapshotcomparer-c1-production","SnapshotComparer","C1","experiment/snapshot-c1","AaARb43Uo1r9Pg2Q9qc0","java:S135","CODE_SMELL","MINOR","712","Reduce the total number of break and continue statements in this loop to use at most one.","reduce the total number of break and continue statements in this loop to use at most one.","java:S135|reduce the total number of break and continue statements in this loop to use at most one.","20min","20min","OPEN","brain-overload","C:\Users\casol\Desktop\zookeeper-metrics\snapshotcomparer\c1\sonar-production"
"zookeeper-snapshotcomparer-c1-production","SnapshotComparer","C1","experiment/snapshot-c1","AaARb43Vo1r9Pg2Q9qdM","java:S106","CODE_SMELL","MAJOR","741","Replace this use of System.out or System.err by a logger.","replace this use of system.out or system.err by a logger.","java:S106|replace this use of system.out or system.err by a logger.","10min","10min","OPEN","bad-practice;cert;owasp-a3","C:\Users\casol\Desktop\zookeeper-metrics\snapshotcomparer\c1\sonar-production"
"zookeeper-snapshotcomparer-c1-production","SnapshotComparer","C1","experiment/snapshot-c1","AaARb43Uo1r9Pg2Q9qcz","java:S1192","CODE_SMELL","CRITICAL","820","Use already-defined constant 'RIGHT_OPTION' instead of duplicating its value here.","use already-defined constant 'right_option' instead of duplicating its value here.","java:S1192|use already-defined constant 'right_option' instead of duplicating its value here.","4min","4min","OPEN","design","C:\Users\casol\Desktop\zookeeper-metrics\snapshotcomparer\c1\sonar-production"
"zookeeper-snapshotcomparer-c1-production","SnapshotComparer","C1","experiment/snapshot-c1","AaARb43Vo1r9Pg2Q9qdR","java:S106","CODE_SMELL","MAJOR","840","Replace this use of System.out or System.err by a logger.","replace this use of system.out or system.err by a logger.","java:S106|replace this use of system.out or system.err by a logger.","10min","10min","OPEN","bad-practice;cert;owasp-a3","C:\Users\casol\Desktop\zookeeper-metrics\snapshotcomparer\c1\sonar-production"
"zookeeper-snapshotcomparer-c1-production","SnapshotComparer","C1","experiment/snapshot-c1","AaARb43Vo1r9Pg2Q9qdT","java:S106","CODE_SMELL","MAJOR","879","Replace this use of System.out or System.err by a logger.","replace this use of system.out or system.err by a logger.","java:S106|replace this use of system.out or system.err by a logger.","10min","10min","OPEN","bad-practice;cert;owasp-a3","C:\Users\casol\Desktop\zookeeper-metrics\snapshotcomparer\c1\sonar-production"
"zookeeper-snapshotcomparer-c1-production","SnapshotComparer","C1","experiment/snapshot-c1","AaARb43Uo1r9Pg2Q9qc2","java:S106","CODE_SMELL","MAJOR","159","Replace this use of System.out or System.err by a logger.","replace this use of system.out or system.err by a logger.","java:S106|replace this use of system.out or system.err by a logger.","10min","10min","OPEN","bad-practice;cert;owasp-a3","C:\Users\casol\Desktop\zookeeper-metrics\snapshotcomparer\c1\sonar-production"
"zookeeper-snapshotcomparer-c1-production","SnapshotComparer","C1","experiment/snapshot-c1","AaARb43Uo1r9Pg2Q9qc3","java:S106","CODE_SMELL","MAJOR","164","Replace this use of System.out or System.err by a logger.","replace this use of system.out or system.err by a logger.","java:S106|replace this use of system.out or system.err by a logger.","10min","10min","OPEN","bad-practice;cert;owasp-a3","C:\Users\casol\Desktop\zookeeper-metrics\snapshotcomparer\c1\sonar-production"
"zookeeper-snapshotcomparer-c1-production","SnapshotComparer","C1","experiment/snapshot-c1","AaARb43Uo1r9Pg2Q9qc4","java:S106","CODE_SMELL","MAJOR","165","Replace this use of System.out or System.err by a logger.","replace this use of system.out or system.err by a logger.","java:S106|replace this use of system.out or system.err by a logger.","10min","10min","OPEN","bad-practice;cert;owasp-a3","C:\Users\casol\Desktop\zookeeper-metrics\snapshotcomparer\c1\sonar-production"
"zookeeper-snapshotcomparer-c1-production","SnapshotComparer","C1","experiment/snapshot-c1","AaARb43Uo1r9Pg2Q9qc9","java:S100","CODE_SMELL","MINOR","361","Rename this method name to match the regular expression '^[a-z][a-zA-Z0-9]*$'.","rename this method name to match the regular expression '^[a-z][a-za-z<n>-<n>]*$'.","java:S100|rename this method name to match the regular expression '^[a-z][a-za-z<n>-<n>]*$'.","5min","5min","OPEN","convention","C:\Users\casol\Desktop\zookeeper-metrics\snapshotcomparer\c1\sonar-production"
"zookeeper-snapshotcomparer-c1-production","SnapshotComparer","C1","experiment/snapshot-c1","AaARb43To1r9Pg2Q9qcv","java:S112","CODE_SMELL","MAJOR","373","Define and throw a dedicated exception instead of using a generic one.","define and throw a dedicated exception instead of using a generic one.","java:S112|define and throw a dedicated exception instead of using a generic one.","20min","20min","OPEN","cert;cwe;error-handling","C:\Users\casol\Desktop\zookeeper-metrics\snapshotcomparer\c1\sonar-production"
"zookeeper-snapshotcomparer-c1-production","SnapshotComparer","C1","experiment/snapshot-c1","AaARb43Wo1r9Pg2Q9qdU","java:S3398","CODE_SMELL","MINOR","373","Move this method into ""TreeInfo"".","move this method into ""treeinfo"".","java:S3398|move this method into ""treeinfo"".","5min","5min","OPEN","confusing","C:\Users\casol\Desktop\zookeeper-metrics\snapshotcomparer\c1\sonar-production"
"zookeeper-snapshotcomparer-c1-production","SnapshotComparer","C1","experiment/snapshot-c1","AaARb43Vo1r9Pg2Q9qdN","java:S106","CODE_SMELL","MAJOR","751","Replace this use of System.out or System.err by a logger.","replace this use of system.out or system.err by a logger.","java:S106|replace this use of system.out or system.err by a logger.","10min","10min","OPEN","bad-practice;cert;owasp-a3","C:\Users\casol\Desktop\zookeeper-metrics\snapshotcomparer\c1\sonar-production"
"zookeeper-snapshotcomparer-c1-production","SnapshotComparer","C1","experiment/snapshot-c1","AaARb43Vo1r9Pg2Q9qdO","java:S106","CODE_SMELL","MAJOR","763","Replace this use of System.out or System.err by a logger.","replace this use of system.out or system.err by a logger.","java:S106|replace this use of system.out or system.err by a logger.","10min","10min","OPEN","bad-practice;cert;owasp-a3","C:\Users\casol\Desktop\zookeeper-metrics\snapshotcomparer\c1\sonar-production"
"zookeeper-snapshotcomparer-c1-production","SnapshotComparer","C1","experiment/snapshot-c1","AaARb43Vo1r9Pg2Q9qdP","java:S106","CODE_SMELL","MAJOR","775","Replace this use of System.out or System.err by a logger.","replace this use of system.out or system.err by a logger.","java:S106|replace this use of system.out or system.err by a logger.","10min","10min","OPEN","bad-practice;cert;owasp-a3","C:\Users\casol\Desktop\zookeeper-metrics\snapshotcomparer\c1\sonar-production"
"zookeeper-snapshotcomparer-c1-production","SnapshotComparer","C1","experiment/snapshot-c1","AaARb43Vo1r9Pg2Q9qdQ","java:S106","CODE_SMELL","MAJOR","838","Replace this use of System.out or System.err by a logger.","replace this use of system.out or system.err by a logger.","java:S106|replace this use of system.out or system.err by a logger.","10min","10min","OPEN","bad-practice;cert;owasp-a3","C:\Users\casol\Desktop\zookeeper-metrics\snapshotcomparer\c1\sonar-production"
"zookeeper-snapshotcomparer-c1-production","SnapshotComparer","C1","experiment/snapshot-c1","AaARb43Vo1r9Pg2Q9qdS","java:S106","CODE_SMELL","MAJOR","873","Replace this use of System.out or System.err by a logger.","replace this use of system.out or system.err by a logger.","java:S106|replace this use of system.out or system.err by a logger.","10min","10min","OPEN","bad-practice;cert;owasp-a3","C:\Users\casol\Desktop\zookeeper-metrics\snapshotcomparer\c1\sonar-production"
"zookeeper-snapshotcomparer-c2-production","SnapshotComparer","C2","experiment/snapshot-c2","AaARd5XHo1r9Pg2Q9qg-","java:S1128","CODE_SMELL","MINOR","39","Remove this unnecessary import: same package classes are always implicitly imported.","remove this unnecessary import: same package classes are always implicitly imported.","java:S1128|remove this unnecessary import: same package classes are always implicitly imported.","2min","2min","OPEN","unused","C:\Users\casol\Desktop\zookeeper-metrics\snapshotcomparer\c2\sonar-production"
"zookeeper-snapshotcomparer-c2-production","SnapshotComparer","C2","experiment/snapshot-c2","AaARd5XHo1r9Pg2Q9qg_","java:S1128","CODE_SMELL","MINOR","40","Remove this unnecessary import: same package classes are always implicitly imported.","remove this unnecessary import: same package classes are always implicitly imported.","java:S1128|remove this unnecessary import: same package classes are always implicitly imported.","2min","2min","OPEN","unused","C:\Users\casol\Desktop\zookeeper-metrics\snapshotcomparer\c2\sonar-production"
"zookeeper-snapshotcomparer-c2-production","SnapshotComparer","C2","experiment/snapshot-c2","AaARd5XHo1r9Pg2Q9qhA","java:S1128","CODE_SMELL","MINOR","41","Remove this unnecessary import: same package classes are always implicitly imported.","remove this unnecessary import: same package classes are always implicitly imported.","java:S1128|remove this unnecessary import: same package classes are always implicitly imported.","2min","2min","OPEN","unused","C:\Users\casol\Desktop\zookeeper-metrics\snapshotcomparer\c2\sonar-production"
"zookeeper-snapshotcomparer-c2-production","SnapshotComparer","C2","experiment/snapshot-c2","AaARd5XHo1r9Pg2Q9qgo","java:S106","CODE_SMELL","MAJOR","192","Replace this use of System.out or System.err by a logger.","replace this use of system.out or system.err by a logger.","java:S106|replace this use of system.out or system.err by a logger.","10min","10min","OPEN","bad-practice;cert;owasp-a3","C:\Users\casol\Desktop\zookeeper-metrics\snapshotcomparer\c2\sonar-production"
"zookeeper-snapshotcomparer-c2-production","SnapshotComparer","C2","experiment/snapshot-c2","AaARd5XHo1r9Pg2Q9qgq","java:S106","CODE_SMELL","MAJOR","311","Replace this use of System.out or System.err by a logger.","replace this use of system.out or system.err by a logger.","java:S106|replace this use of system.out or system.err by a logger.","10min","10min","OPEN","bad-practice;cert;owasp-a3","C:\Users\casol\Desktop\zookeeper-metrics\snapshotcomparer\c2\sonar-production"
"zookeeper-snapshotcomparer-c2-production","SnapshotComparer","C2","experiment/snapshot-c2","AaARd5XHo1r9Pg2Q9qgr","java:S106","CODE_SMELL","MAJOR","373","Replace this use of System.out or System.err by a logger.","replace this use of system.out or system.err by a logger.","java:S106|replace this use of system.out or system.err by a logger.","10min","10min","OPEN","bad-practice;cert;owasp-a3","C:\Users\casol\Desktop\zookeeper-metrics\snapshotcomparer\c2\sonar-production"
"zookeeper-snapshotcomparer-c2-production","SnapshotComparer","C2","experiment/snapshot-c2","AaARd5XHo1r9Pg2Q9qgs","java:S106","CODE_SMELL","MAJOR","389","Replace this use of System.out or System.err by a logger.","replace this use of system.out or system.err by a logger.","java:S106|replace this use of system.out or system.err by a logger.","10min","10min","OPEN","bad-practice;cert;owasp-a3","C:\Users\casol\Desktop\zookeeper-metrics\snapshotcomparer\c2\sonar-production"
"zookeeper-snapshotcomparer-c2-production","SnapshotComparer","C2","experiment/snapshot-c2","AaARd5XHo1r9Pg2Q9qgt","java:S106","CODE_SMELL","MAJOR","425","Replace this use of System.out or System.err by a logger.","replace this use of system.out or system.err by a logger.","java:S106|replace this use of system.out or system.err by a logger.","10min","10min","OPEN","bad-practice;cert;owasp-a3","C:\Users\casol\Desktop\zookeeper-metrics\snapshotcomparer\c2\sonar-production"
"zookeeper-snapshotcomparer-c2-production","SnapshotComparer","C2","experiment/snapshot-c2","AaARd5XHo1r9Pg2Q9qgu","java:S106","CODE_SMELL","MAJOR","439","Replace this use of System.out or System.err by a logger.","replace this use of system.out or system.err by a logger.","java:S106|replace this use of system.out or system.err by a logger.","10min","10min","OPEN","bad-practice;cert;owasp-a3","C:\Users\casol\Desktop\zookeeper-metrics\snapshotcomparer\c2\sonar-production"
"zookeeper-snapshotcomparer-c2-production","SnapshotComparer","C2","experiment/snapshot-c2","AaARd5XHo1r9Pg2Q9qgh","java:S1192","CODE_SMELL","CRITICAL","440","Define a constant instead of duplicating this literal ""Analysis for depth %d"" 3 times.","define a constant instead of duplicating this literal ""analysis for depth %d"" <n> times.","java:S1192|define a constant instead of duplicating this literal ""analysis for depth %d"" <n> times.","8min","8min","OPEN","design","C:\Users\casol\Desktop\zookeeper-metrics\snapshotcomparer\c2\sonar-production"
"zookeeper-snapshotcomparer-c2-production","SnapshotComparer","C2","experiment/snapshot-c2","AaARd5XHo1r9Pg2Q9qgv","java:S106","CODE_SMELL","MAJOR","472","Replace this use of System.out or System.err by a logger.","replace this use of system.out or system.err by a logger.","java:S106|replace this use of system.out or system.err by a logger.","10min","10min","OPEN","bad-practice;cert;owasp-a3","C:\Users\casol\Desktop\zookeeper-metrics\snapshotcomparer\c2\sonar-production"
"zookeeper-snapshotcomparer-c2-production","SnapshotComparer","C2","experiment/snapshot-c2","AaARd5XHo1r9Pg2Q9qgw","java:S106","CODE_SMELL","MAJOR","487","Replace this use of System.out or System.err by a logger.","replace this use of system.out or system.err by a logger.","java:S106|replace this use of system.out or system.err by a logger.","10min","10min","OPEN","bad-practice;cert;owasp-a3","C:\Users\casol\Desktop\zookeeper-metrics\snapshotcomparer\c2\sonar-production"
"zookeeper-snapshotcomparer-c2-production","SnapshotComparer","C2","experiment/snapshot-c2","AaARd5XHo1r9Pg2Q9qgx","java:S106","CODE_SMELL","MAJOR","511","Replace this use of System.out or System.err by a logger.","replace this use of system.out or system.err by a logger.","java:S106|replace this use of system.out or system.err by a logger.","10min","10min","OPEN","bad-practice;cert;owasp-a3","C:\Users\casol\Desktop\zookeeper-metrics\snapshotcomparer\c2\sonar-production"
"zookeeper-snapshotcomparer-c2-production","SnapshotComparer","C2","experiment/snapshot-c2","AaARd5XHo1r9Pg2Q9qgy","java:S106","CODE_SMELL","MAJOR","516","Replace this use of System.out or System.err by a logger.","replace this use of system.out or system.err by a logger.","java:S106|replace this use of system.out or system.err by a logger.","10min","10min","OPEN","bad-practice;cert;owasp-a3","C:\Users\casol\Desktop\zookeeper-metrics\snapshotcomparer\c2\sonar-production"
"zookeeper-snapshotcomparer-c2-production","SnapshotComparer","C2","experiment/snapshot-c2","AaARd5XHo1r9Pg2Q9qgz","java:S106","CODE_SMELL","MAJOR","520","Replace this use of System.out or System.err by a logger.","replace this use of system.out or system.err by a logger.","java:S106|replace this use of system.out or system.err by a logger.","10min","10min","OPEN","bad-practice;cert;owasp-a3","C:\Users\casol\Desktop\zookeeper-metrics\snapshotcomparer\c2\sonar-production"
"zookeeper-snapshotcomparer-c2-production","SnapshotComparer","C2","experiment/snapshot-c2","AaARd5XHo1r9Pg2Q9qgk","java:S107","CODE_SMELL","MAJOR","527","Method has 8 parameters, which is greater than 7 authorized.","method has <n> parameters, which is greater than <n> authorized.","java:S107|method has <n> parameters, which is greater than <n> authorized.","20min","20min","OPEN","brain-overload","C:\Users\casol\Desktop\zookeeper-metrics\snapshotcomparer\c2\sonar-production"
"zookeeper-snapshotcomparer-c2-production","SnapshotComparer","C2","experiment/snapshot-c2","AaARd5XHo1r9Pg2Q9qg0","java:S106","CODE_SMELL","MAJOR","541","Replace this use of System.out or System.err by a logger.","replace this use of system.out or system.err by a logger.","java:S106|replace this use of system.out or system.err by a logger.","10min","10min","OPEN","bad-practice;cert;owasp-a3","C:\Users\casol\Desktop\zookeeper-metrics\snapshotcomparer\c2\sonar-production"
"zookeeper-snapshotcomparer-c2-production","SnapshotComparer","C2","experiment/snapshot-c2","AaARd5XHo1r9Pg2Q9qg1","java:S106","CODE_SMELL","MAJOR","549","Replace this use of System.out or System.err by a logger.","replace this use of system.out or system.err by a logger.","java:S106|replace this use of system.out or system.err by a logger.","10min","10min","OPEN","bad-practice;cert;owasp-a3","C:\Users\casol\Desktop\zookeeper-metrics\snapshotcomparer\c2\sonar-production"
"zookeeper-snapshotcomparer-c2-production","SnapshotComparer","C2","experiment/snapshot-c2","AaARd5XHo1r9Pg2Q9qg2","java:S106","CODE_SMELL","MAJOR","564","Replace this use of System.out or System.err by a logger.","replace this use of system.out or system.err by a logger.","java:S106|replace this use of system.out or system.err by a logger.","10min","10min","OPEN","bad-practice;cert;owasp-a3","C:\Users\casol\Desktop\zookeeper-metrics\snapshotcomparer\c2\sonar-production"
"zookeeper-snapshotcomparer-c2-production","SnapshotComparer","C2","experiment/snapshot-c2","AaARd5XGo1r9Pg2Q9qgf","java:S2293","CODE_SMELL","MINOR","589","Replace the type specification in this constructor call with the diamond operator (""<>"").","replace the type specification in this constructor call with the diamond operator (""<>"").","java:S2293|replace the type specification in this constructor call with the diamond operator (""<>"").","1min","1min","OPEN","clumsy","C:\Users\casol\Desktop\zookeeper-metrics\snapshotcomparer\c2\sonar-production"
"zookeeper-snapshotcomparer-c2-production","SnapshotComparer","C2","experiment/snapshot-c2","AaARd5XHo1r9Pg2Q9qgg","java:S2293","CODE_SMELL","MINOR","594","Replace the type specification in this constructor call with the diamond operator (""<>"").","replace the type specification in this constructor call with the diamond operator (""<>"").","java:S2293|replace the type specification in this constructor call with the diamond operator (""<>"").","1min","1min","OPEN","clumsy","C:\Users\casol\Desktop\zookeeper-metrics\snapshotcomparer\c2\sonar-production"
"zookeeper-snapshotcomparer-c2-production","SnapshotComparer","C2","experiment/snapshot-c2","AaARd5XHo1r9Pg2Q9qg3","java:S106","CODE_SMELL","MAJOR","598","Replace this use of System.out or System.err by a logger.","replace this use of system.out or system.err by a logger.","java:S106|replace this use of system.out or system.err by a logger.","10min","10min","OPEN","bad-practice;cert;owasp-a3","C:\Users\casol\Desktop\zookeeper-metrics\snapshotcomparer\c2\sonar-production"
"zookeeper-snapshotcomparer-c2-production","SnapshotComparer","C2","experiment/snapshot-c2","AaARd5XHo1r9Pg2Q9qgj","java:S135","CODE_SMELL","MINOR","675","Reduce the total number of break and continue statements in this loop to use at most one.","reduce the total number of break and continue statements in this loop to use at most one.","java:S135|reduce the total number of break and continue statements in this loop to use at most one.","20min","20min","OPEN","brain-overload","C:\Users\casol\Desktop\zookeeper-metrics\snapshotcomparer\c2\sonar-production"
"zookeeper-snapshotcomparer-c2-production","SnapshotComparer","C2","experiment/snapshot-c2","AaARd5XHo1r9Pg2Q9qg4","java:S106","CODE_SMELL","MAJOR","704","Replace this use of System.out or System.err by a logger.","replace this use of system.out or system.err by a logger.","java:S106|replace this use of system.out or system.err by a logger.","10min","10min","OPEN","bad-practice;cert;owasp-a3","C:\Users\casol\Desktop\zookeeper-metrics\snapshotcomparer\c2\sonar-production"
"zookeeper-snapshotcomparer-c2-production","SnapshotComparer","C2","experiment/snapshot-c2","AaARd5XHo1r9Pg2Q9qg5","java:S106","CODE_SMELL","MAJOR","750","Replace this use of System.out or System.err by a logger.","replace this use of system.out or system.err by a logger.","java:S106|replace this use of system.out or system.err by a logger.","10min","10min","OPEN","bad-practice;cert;owasp-a3","C:\Users\casol\Desktop\zookeeper-metrics\snapshotcomparer\c2\sonar-production"
"zookeeper-snapshotcomparer-c2-production","SnapshotComparer","C2","experiment/snapshot-c2","AaARd5XHo1r9Pg2Q9qgi","java:S1192","CODE_SMELL","CRITICAL","779","Use already-defined constant 'RIGHT_OPTION' instead of duplicating its value here.","use already-defined constant 'right_option' instead of duplicating its value here.","java:S1192|use already-defined constant 'right_option' instead of duplicating its value here.","4min","4min","OPEN","design","C:\Users\casol\Desktop\zookeeper-metrics\snapshotcomparer\c2\sonar-production"
"zookeeper-snapshotcomparer-c2-production","SnapshotComparer","C2","experiment/snapshot-c2","AaARd5XHo1r9Pg2Q9qg7","java:S106","CODE_SMELL","MAJOR","805","Replace this use of System.out or System.err by a logger.","replace this use of system.out or system.err by a logger.","java:S106|replace this use of system.out or system.err by a logger.","10min","10min","OPEN","bad-practice;cert;owasp-a3","C:\Users\casol\Desktop\zookeeper-metrics\snapshotcomparer\c2\sonar-production"
"zookeeper-snapshotcomparer-c2-production","SnapshotComparer","C2","experiment/snapshot-c2","AaARd5XHo1r9Pg2Q9qg9","java:S106","CODE_SMELL","MAJOR","844","Replace this use of System.out or System.err by a logger.","replace this use of system.out or system.err by a logger.","java:S106|replace this use of system.out or system.err by a logger.","10min","10min","OPEN","bad-practice;cert;owasp-a3","C:\Users\casol\Desktop\zookeeper-metrics\snapshotcomparer\c2\sonar-production"
"zookeeper-snapshotcomparer-c2-production","SnapshotComparer","C2","experiment/snapshot-c2","AaARd5XHo1r9Pg2Q9qgl","java:S106","CODE_SMELL","MAJOR","171","Replace this use of System.out or System.err by a logger.","replace this use of system.out or system.err by a logger.","java:S106|replace this use of system.out or system.err by a logger.","10min","10min","OPEN","bad-practice;cert;owasp-a3","C:\Users\casol\Desktop\zookeeper-metrics\snapshotcomparer\c2\sonar-production"
"zookeeper-snapshotcomparer-c2-production","SnapshotComparer","C2","experiment/snapshot-c2","AaARd5XHo1r9Pg2Q9qgm","java:S106","CODE_SMELL","MAJOR","176","Replace this use of System.out or System.err by a logger.","replace this use of system.out or system.err by a logger.","java:S106|replace this use of system.out or system.err by a logger.","10min","10min","OPEN","bad-practice;cert;owasp-a3","C:\Users\casol\Desktop\zookeeper-metrics\snapshotcomparer\c2\sonar-production"
"zookeeper-snapshotcomparer-c2-production","SnapshotComparer","C2","experiment/snapshot-c2","AaARd5XHo1r9Pg2Q9qgn","java:S106","CODE_SMELL","MAJOR","177","Replace this use of System.out or System.err by a logger.","replace this use of system.out or system.err by a logger.","java:S106|replace this use of system.out or system.err by a logger.","10min","10min","OPEN","bad-practice;cert;owasp-a3","C:\Users\casol\Desktop\zookeeper-metrics\snapshotcomparer\c2\sonar-production"
"zookeeper-snapshotcomparer-c2-production","SnapshotComparer","C2","experiment/snapshot-c2","AaARd5XHo1r9Pg2Q9qgp","java:S1075","CODE_SMELL","MINOR","234","Remove this hard-coded path-delimiter.","remove this hard-coded path-delimiter.","java:S1075|remove this hard-coded path-delimiter.","20min","20min","OPEN","android;cert","C:\Users\casol\Desktop\zookeeper-metrics\snapshotcomparer\c2\sonar-production"
"zookeeper-snapshotcomparer-c2-production","SnapshotComparer","C2","experiment/snapshot-c2","AaARd5XGo1r9Pg2Q9qge","java:S112","CODE_SMELL","MAJOR","360","Define and throw a dedicated exception instead of using a generic one.","define and throw a dedicated exception instead of using a generic one.","java:S112|define and throw a dedicated exception instead of using a generic one.","20min","20min","OPEN","cert;cwe;error-handling","C:\Users\casol\Desktop\zookeeper-metrics\snapshotcomparer\c2\sonar-production"
"zookeeper-snapshotcomparer-c2-production","SnapshotComparer","C2","experiment/snapshot-c2","AaARd5XHo1r9Pg2Q9qhB","java:S3398","CODE_SMELL","MINOR","360","Move this method into ""TreeInfo"".","move this method into ""treeinfo"".","java:S3398|move this method into ""treeinfo"".","5min","5min","OPEN","confusing","C:\Users\casol\Desktop\zookeeper-metrics\snapshotcomparer\c2\sonar-production"
"zookeeper-snapshotcomparer-c2-production","SnapshotComparer","C2","experiment/snapshot-c2","AaARd5XHo1r9Pg2Q9qg6","java:S106","CODE_SMELL","MAJOR","803","Replace this use of System.out or System.err by a logger.","replace this use of system.out or system.err by a logger.","java:S106|replace this use of system.out or system.err by a logger.","10min","10min","OPEN","bad-practice;cert;owasp-a3","C:\Users\casol\Desktop\zookeeper-metrics\snapshotcomparer\c2\sonar-production"
"zookeeper-snapshotcomparer-c2-production","SnapshotComparer","C2","experiment/snapshot-c2","AaARd5XHo1r9Pg2Q9qg8","java:S106","CODE_SMELL","MAJOR","838","Replace this use of System.out or System.err by a logger.","replace this use of system.out or system.err by a logger.","java:S106|replace this use of system.out or system.err by a logger.","10min","10min","OPEN","bad-practice;cert;owasp-a3","C:\Users\casol\Desktop\zookeeper-metrics\snapshotcomparer\c2\sonar-production"
"zookeeper-snapshotcomparer-c3-production","SnapshotComparer","C3","experiment/snapshot-c3","AaARe3LDo1r9Pg2Q9qkl","java:S1128","CODE_SMELL","MINOR","39","Remove this unnecessary import: same package classes are always implicitly imported.","remove this unnecessary import: same package classes are always implicitly imported.","java:S1128|remove this unnecessary import: same package classes are always implicitly imported.","2min","2min","OPEN","unused","C:\Users\casol\Desktop\zookeeper-metrics\snapshotcomparer\c3\sonar-production"
"zookeeper-snapshotcomparer-c3-production","SnapshotComparer","C3","experiment/snapshot-c3","AaARe3LDo1r9Pg2Q9qkm","java:S1128","CODE_SMELL","MINOR","40","Remove this unnecessary import: same package classes are always implicitly imported.","remove this unnecessary import: same package classes are always implicitly imported.","java:S1128|remove this unnecessary import: same package classes are always implicitly imported.","2min","2min","OPEN","unused","C:\Users\casol\Desktop\zookeeper-metrics\snapshotcomparer\c3\sonar-production"
"zookeeper-snapshotcomparer-c3-production","SnapshotComparer","C3","experiment/snapshot-c3","AaARe3LDo1r9Pg2Q9qkn","java:S1128","CODE_SMELL","MINOR","41","Remove this unnecessary import: same package classes are always implicitly imported.","remove this unnecessary import: same package classes are always implicitly imported.","java:S1128|remove this unnecessary import: same package classes are always implicitly imported.","2min","2min","OPEN","unused","C:\Users\casol\Desktop\zookeeper-metrics\snapshotcomparer\c3\sonar-production"
"zookeeper-snapshotcomparer-c3-production","SnapshotComparer","C3","experiment/snapshot-c3","AaARe3LDo1r9Pg2Q9qkR","java:S106","CODE_SMELL","MAJOR","180","Replace this use of System.out or System.err by a logger.","replace this use of system.out or system.err by a logger.","java:S106|replace this use of system.out or system.err by a logger.","10min","10min","OPEN","bad-practice;cert;owasp-a3","C:\Users\casol\Desktop\zookeeper-metrics\snapshotcomparer\c3\sonar-production"
"zookeeper-snapshotcomparer-c3-production","SnapshotComparer","C3","experiment/snapshot-c3","AaARe3LDo1r9Pg2Q9qkS","java:S1075","CODE_SMELL","MINOR","247","Remove this hard-coded path-delimiter.","remove this hard-coded path-delimiter.","java:S1075|remove this hard-coded path-delimiter.","20min","20min","OPEN","android;cert","C:\Users\casol\Desktop\zookeeper-metrics\snapshotcomparer\c3\sonar-production"
"zookeeper-snapshotcomparer-c3-production","SnapshotComparer","C3","experiment/snapshot-c3","AaARe3LDo1r9Pg2Q9qkT","java:S106","CODE_SMELL","MAJOR","310","Replace this use of System.out or System.err by a logger.","replace this use of system.out or system.err by a logger.","java:S106|replace this use of system.out or system.err by a logger.","10min","10min","OPEN","bad-practice;cert;owasp-a3","C:\Users\casol\Desktop\zookeeper-metrics\snapshotcomparer\c3\sonar-production"
"zookeeper-snapshotcomparer-c3-production","SnapshotComparer","C3","experiment/snapshot-c3","AaARe3LDo1r9Pg2Q9qkU","java:S106","CODE_SMELL","MAJOR","372","Replace this use of System.out or System.err by a logger.","replace this use of system.out or system.err by a logger.","java:S106|replace this use of system.out or system.err by a logger.","10min","10min","OPEN","bad-practice;cert;owasp-a3","C:\Users\casol\Desktop\zookeeper-metrics\snapshotcomparer\c3\sonar-production"
"zookeeper-snapshotcomparer-c3-production","SnapshotComparer","C3","experiment/snapshot-c3","AaARe3LDo1r9Pg2Q9qkV","java:S106","CODE_SMELL","MAJOR","388","Replace this use of System.out or System.err by a logger.","replace this use of system.out or system.err by a logger.","java:S106|replace this use of system.out or system.err by a logger.","10min","10min","OPEN","bad-practice;cert;owasp-a3","C:\Users\casol\Desktop\zookeeper-metrics\snapshotcomparer\c3\sonar-production"
"zookeeper-snapshotcomparer-c3-production","SnapshotComparer","C3","experiment/snapshot-c3","AaARe3LDo1r9Pg2Q9qkW","java:S106","CODE_SMELL","MAJOR","424","Replace this use of System.out or System.err by a logger.","replace this use of system.out or system.err by a logger.","java:S106|replace this use of system.out or system.err by a logger.","10min","10min","OPEN","bad-practice;cert;owasp-a3","C:\Users\casol\Desktop\zookeeper-metrics\snapshotcomparer\c3\sonar-production"
"zookeeper-snapshotcomparer-c3-production","SnapshotComparer","C3","experiment/snapshot-c3","AaARe3LDo1r9Pg2Q9qkX","java:S106","CODE_SMELL","MAJOR","497","Replace this use of System.out or System.err by a logger.","replace this use of system.out or system.err by a logger.","java:S106|replace this use of system.out or system.err by a logger.","10min","10min","OPEN","bad-practice;cert;owasp-a3","C:\Users\casol\Desktop\zookeeper-metrics\snapshotcomparer\c3\sonar-production"
"zookeeper-snapshotcomparer-c3-production","SnapshotComparer","C3","experiment/snapshot-c3","AaARe3LDo1r9Pg2Q9qkY","java:S106","CODE_SMELL","MAJOR","502","Replace this use of System.out or System.err by a logger.","replace this use of system.out or system.err by a logger.","java:S106|replace this use of system.out or system.err by a logger.","10min","10min","OPEN","bad-practice;cert;owasp-a3","C:\Users\casol\Desktop\zookeeper-metrics\snapshotcomparer\c3\sonar-production"
"zookeeper-snapshotcomparer-c3-production","SnapshotComparer","C3","experiment/snapshot-c3","AaARe3LDo1r9Pg2Q9qkZ","java:S106","CODE_SMELL","MAJOR","505","Replace this use of System.out or System.err by a logger.","replace this use of system.out or system.err by a logger.","java:S106|replace this use of system.out or system.err by a logger.","10min","10min","OPEN","bad-practice;cert;owasp-a3","C:\Users\casol\Desktop\zookeeper-metrics\snapshotcomparer\c3\sonar-production"
"zookeeper-snapshotcomparer-c3-production","SnapshotComparer","C3","experiment/snapshot-c3","AaARe3LDo1r9Pg2Q9qka","java:S106","CODE_SMELL","MAJOR","520","Replace this use of System.out or System.err by a logger.","replace this use of system.out or system.err by a logger.","java:S106|replace this use of system.out or system.err by a logger.","10min","10min","OPEN","bad-practice;cert;owasp-a3","C:\Users\casol\Desktop\zookeeper-metrics\snapshotcomparer\c3\sonar-production"
"zookeeper-snapshotcomparer-c3-production","SnapshotComparer","C3","experiment/snapshot-c3","AaARe3LDo1r9Pg2Q9qkN","java:S107","CODE_SMELL","MAJOR","531","Method has 8 parameters, which is greater than 7 authorized.","method has <n> parameters, which is greater than <n> authorized.","java:S107|method has <n> parameters, which is greater than <n> authorized.","20min","20min","OPEN","brain-overload","C:\Users\casol\Desktop\zookeeper-metrics\snapshotcomparer\c3\sonar-production"
"zookeeper-snapshotcomparer-c3-production","SnapshotComparer","C3","experiment/snapshot-c3","AaARe3LDo1r9Pg2Q9qkb","java:S106","CODE_SMELL","MAJOR","560","Replace this use of System.out or System.err by a logger.","replace this use of system.out or system.err by a logger.","java:S106|replace this use of system.out or system.err by a logger.","10min","10min","OPEN","bad-practice;cert;owasp-a3","C:\Users\casol\Desktop\zookeeper-metrics\snapshotcomparer\c3\sonar-production"
"zookeeper-snapshotcomparer-c3-production","SnapshotComparer","C3","experiment/snapshot-c3","AaARe3LDo1r9Pg2Q9qkc","java:S106","CODE_SMELL","MAJOR","571","Replace this use of System.out or System.err by a logger.","replace this use of system.out or system.err by a logger.","java:S106|replace this use of system.out or system.err by a logger.","10min","10min","OPEN","bad-practice;cert;owasp-a3","C:\Users\casol\Desktop\zookeeper-metrics\snapshotcomparer\c3\sonar-production"
"zookeeper-snapshotcomparer-c3-production","SnapshotComparer","C3","experiment/snapshot-c3","AaARe3LDo1r9Pg2Q9qkd","java:S106","CODE_SMELL","MAJOR","575","Replace this use of System.out or System.err by a logger.","replace this use of system.out or system.err by a logger.","java:S106|replace this use of system.out or system.err by a logger.","10min","10min","OPEN","bad-practice;cert;owasp-a3","C:\Users\casol\Desktop\zookeeper-metrics\snapshotcomparer\c3\sonar-production"
"zookeeper-snapshotcomparer-c3-production","SnapshotComparer","C3","experiment/snapshot-c3","AaARe3LDo1r9Pg2Q9qke","java:S106","CODE_SMELL","MAJOR","599","Replace this use of System.out or System.err by a logger.","replace this use of system.out or system.err by a logger.","java:S106|replace this use of system.out or system.err by a logger.","10min","10min","OPEN","bad-practice;cert;owasp-a3","C:\Users\casol\Desktop\zookeeper-metrics\snapshotcomparer\c3\sonar-production"
"zookeeper-snapshotcomparer-c3-production","SnapshotComparer","C3","experiment/snapshot-c3","AaARe3LCo1r9Pg2Q9qkK","java:S2293","CODE_SMELL","MINOR","618","Replace the type specification in this constructor call with the diamond operator (""<>"").","replace the type specification in this constructor call with the diamond operator (""<>"").","java:S2293|replace the type specification in this constructor call with the diamond operator (""<>"").","1min","1min","OPEN","clumsy","C:\Users\casol\Desktop\zookeeper-metrics\snapshotcomparer\c3\sonar-production"
"zookeeper-snapshotcomparer-c3-production","SnapshotComparer","C3","experiment/snapshot-c3","AaARe3LCo1r9Pg2Q9qkL","java:S2293","CODE_SMELL","MINOR","661","Replace the type specification in this constructor call with the diamond operator (""<>"").","replace the type specification in this constructor call with the diamond operator (""<>"").","java:S2293|replace the type specification in this constructor call with the diamond operator (""<>"").","1min","1min","OPEN","clumsy","C:\Users\casol\Desktop\zookeeper-metrics\snapshotcomparer\c3\sonar-production"
"zookeeper-snapshotcomparer-c3-production","SnapshotComparer","C3","experiment/snapshot-c3","AaARe3LDo1r9Pg2Q9qkf","java:S106","CODE_SMELL","MAJOR","741","Replace this use of System.out or System.err by a logger.","replace this use of system.out or system.err by a logger.","java:S106|replace this use of system.out or system.err by a logger.","10min","10min","OPEN","bad-practice;cert;owasp-a3","C:\Users\casol\Desktop\zookeeper-metrics\snapshotcomparer\c3\sonar-production"
"zookeeper-snapshotcomparer-c3-production","SnapshotComparer","C3","experiment/snapshot-c3","AaARe3LDo1r9Pg2Q9qkg","java:S106","CODE_SMELL","MAJOR","784","Replace this use of System.out or System.err by a logger.","replace this use of system.out or system.err by a logger.","java:S106|replace this use of system.out or system.err by a logger.","10min","10min","OPEN","bad-practice;cert;owasp-a3","C:\Users\casol\Desktop\zookeeper-metrics\snapshotcomparer\c3\sonar-production"
"zookeeper-snapshotcomparer-c3-production","SnapshotComparer","C3","experiment/snapshot-c3","AaARe3LCo1r9Pg2Q9qkM","java:S1192","CODE_SMELL","CRITICAL","813","Use already-defined constant 'RIGHT_OPTION' instead of duplicating its value here.","use already-defined constant 'right_option' instead of duplicating its value here.","java:S1192|use already-defined constant 'right_option' instead of duplicating its value here.","4min","4min","OPEN","design","C:\Users\casol\Desktop\zookeeper-metrics\snapshotcomparer\c3\sonar-production"
"zookeeper-snapshotcomparer-c3-production","SnapshotComparer","C3","experiment/snapshot-c3","AaARe3LDo1r9Pg2Q9qki","java:S106","CODE_SMELL","MAJOR","837","Replace this use of System.out or System.err by a logger.","replace this use of system.out or system.err by a logger.","java:S106|replace this use of system.out or system.err by a logger.","10min","10min","OPEN","bad-practice;cert;owasp-a3","C:\Users\casol\Desktop\zookeeper-metrics\snapshotcomparer\c3\sonar-production"
"zookeeper-snapshotcomparer-c3-production","SnapshotComparer","C3","experiment/snapshot-c3","AaARe3LDo1r9Pg2Q9qkk","java:S106","CODE_SMELL","MAJOR","876","Replace this use of System.out or System.err by a logger.","replace this use of system.out or system.err by a logger.","java:S106|replace this use of system.out or system.err by a logger.","10min","10min","OPEN","bad-practice;cert;owasp-a3","C:\Users\casol\Desktop\zookeeper-metrics\snapshotcomparer\c3\sonar-production"
"zookeeper-snapshotcomparer-c3-production","SnapshotComparer","C3","experiment/snapshot-c3","AaARe3LDo1r9Pg2Q9qkO","java:S106","CODE_SMELL","MAJOR","159","Replace this use of System.out or System.err by a logger.","replace this use of system.out or system.err by a logger.","java:S106|replace this use of system.out or system.err by a logger.","10min","10min","OPEN","bad-practice;cert;owasp-a3","C:\Users\casol\Desktop\zookeeper-metrics\snapshotcomparer\c3\sonar-production"
"zookeeper-snapshotcomparer-c3-production","SnapshotComparer","C3","experiment/snapshot-c3","AaARe3LDo1r9Pg2Q9qkP","java:S106","CODE_SMELL","MAJOR","164","Replace this use of System.out or System.err by a logger.","replace this use of system.out or system.err by a logger.","java:S106|replace this use of system.out or system.err by a logger.","10min","10min","OPEN","bad-practice;cert;owasp-a3","C:\Users\casol\Desktop\zookeeper-metrics\snapshotcomparer\c3\sonar-production"
"zookeeper-snapshotcomparer-c3-production","SnapshotComparer","C3","experiment/snapshot-c3","AaARe3LDo1r9Pg2Q9qkQ","java:S106","CODE_SMELL","MAJOR","165","Replace this use of System.out or System.err by a logger.","replace this use of system.out or system.err by a logger.","java:S106|replace this use of system.out or system.err by a logger.","10min","10min","OPEN","bad-practice;cert;owasp-a3","C:\Users\casol\Desktop\zookeeper-metrics\snapshotcomparer\c3\sonar-production"
"zookeeper-snapshotcomparer-c3-production","SnapshotComparer","C3","experiment/snapshot-c3","AaARe3LCo1r9Pg2Q9qkJ","java:S112","CODE_SMELL","MAJOR","359","Define and throw a dedicated exception instead of using a generic one.","define and throw a dedicated exception instead of using a generic one.","java:S112|define and throw a dedicated exception instead of using a generic one.","20min","20min","OPEN","cert;cwe;error-handling","C:\Users\casol\Desktop\zookeeper-metrics\snapshotcomparer\c3\sonar-production"
"zookeeper-snapshotcomparer-c3-production","SnapshotComparer","C3","experiment/snapshot-c3","AaARe3LDo1r9Pg2Q9qko","java:S3398","CODE_SMELL","MINOR","359","Move this method into ""TreeInfo"".","move this method into ""treeinfo"".","java:S3398|move this method into ""treeinfo"".","5min","5min","OPEN","confusing","C:\Users\casol\Desktop\zookeeper-metrics\snapshotcomparer\c3\sonar-production"
"zookeeper-snapshotcomparer-c3-production","SnapshotComparer","C3","experiment/snapshot-c3","AaARe3LDo1r9Pg2Q9qkh","java:S106","CODE_SMELL","MAJOR","835","Replace this use of System.out or System.err by a logger.","replace this use of system.out or system.err by a logger.","java:S106|replace this use of system.out or system.err by a logger.","10min","10min","OPEN","bad-practice;cert;owasp-a3","C:\Users\casol\Desktop\zookeeper-metrics\snapshotcomparer\c3\sonar-production"
"zookeeper-snapshotcomparer-c3-production","SnapshotComparer","C3","experiment/snapshot-c3","AaARe3LDo1r9Pg2Q9qkj","java:S106","CODE_SMELL","MAJOR","870","Replace this use of System.out or System.err by a logger.","replace this use of system.out or system.err by a logger.","java:S106|replace this use of system.out or system.err by a logger.","10min","10min","OPEN","bad-practice;cert;owasp-a3","C:\Users\casol\Desktop\zookeeper-metrics\snapshotcomparer\c3\sonar-production"
"zookeeper-snapshotcomparer-c4-production","SnapshotComparer","C4","experiment/snapshot-c4","AaARfnjWo1r9Pg2Q9qoU","java:S1128","CODE_SMELL","MINOR","39","Remove this unnecessary import: same package classes are always implicitly imported.","remove this unnecessary import: same package classes are always implicitly imported.","java:S1128|remove this unnecessary import: same package classes are always implicitly imported.","2min","2min","OPEN","unused","C:\Users\casol\Desktop\zookeeper-metrics\snapshotcomparer\c4\sonar-production"
"zookeeper-snapshotcomparer-c4-production","SnapshotComparer","C4","experiment/snapshot-c4","AaARfnjWo1r9Pg2Q9qoV","java:S1128","CODE_SMELL","MINOR","40","Remove this unnecessary import: same package classes are always implicitly imported.","remove this unnecessary import: same package classes are always implicitly imported.","java:S1128|remove this unnecessary import: same package classes are always implicitly imported.","2min","2min","OPEN","unused","C:\Users\casol\Desktop\zookeeper-metrics\snapshotcomparer\c4\sonar-production"
"zookeeper-snapshotcomparer-c4-production","SnapshotComparer","C4","experiment/snapshot-c4","AaARfnjWo1r9Pg2Q9qoW","java:S1128","CODE_SMELL","MINOR","41","Remove this unnecessary import: same package classes are always implicitly imported.","remove this unnecessary import: same package classes are always implicitly imported.","java:S1128|remove this unnecessary import: same package classes are always implicitly imported.","2min","2min","OPEN","unused","C:\Users\casol\Desktop\zookeeper-metrics\snapshotcomparer\c4\sonar-production"
"zookeeper-snapshotcomparer-c4-production","SnapshotComparer","C4","experiment/snapshot-c4","AaARfnjVo1r9Pg2Q9qn7","java:S106","CODE_SMELL","MAJOR","176","Replace this use of System.out or System.err by a logger.","replace this use of system.out or system.err by a logger.","java:S106|replace this use of system.out or system.err by a logger.","10min","10min","OPEN","bad-practice;cert;owasp-a3","C:\Users\casol\Desktop\zookeeper-metrics\snapshotcomparer\c4\sonar-production"
"zookeeper-snapshotcomparer-c4-production","SnapshotComparer","C4","experiment/snapshot-c4","AaARfnjVo1r9Pg2Q9qn8","java:S106","CODE_SMELL","MAJOR","208","Replace this use of System.out or System.err by a logger.","replace this use of system.out or system.err by a logger.","java:S106|replace this use of system.out or system.err by a logger.","10min","10min","OPEN","bad-practice;cert;owasp-a3","C:\Users\casol\Desktop\zookeeper-metrics\snapshotcomparer\c4\sonar-production"
"zookeeper-snapshotcomparer-c4-production","SnapshotComparer","C4","experiment/snapshot-c4","AaARfnjVo1r9Pg2Q9qnx","java:S2293","CODE_SMELL","MINOR","223","Replace the type specification in this constructor call with the diamond operator (""<>"").","replace the type specification in this constructor call with the diamond operator (""<>"").","java:S2293|replace the type specification in this constructor call with the diamond operator (""<>"").","1min","1min","OPEN","clumsy","C:\Users\casol\Desktop\zookeeper-metrics\snapshotcomparer\c4\sonar-production"
"zookeeper-snapshotcomparer-c4-production","SnapshotComparer","C4","experiment/snapshot-c4","AaARfnjVo1r9Pg2Q9qn9","java:S1075","CODE_SMELL","MINOR","296","Remove this hard-coded path-delimiter.","remove this hard-coded path-delimiter.","java:S1075|remove this hard-coded path-delimiter.","20min","20min","OPEN","android;cert","C:\Users\casol\Desktop\zookeeper-metrics\snapshotcomparer\c4\sonar-production"
"zookeeper-snapshotcomparer-c4-production","SnapshotComparer","C4","experiment/snapshot-c4","AaARfnjVo1r9Pg2Q9qn-","java:S2445","BUG","MAJOR","311","""dataNode"" is a method parameter, and should not be used for synchronization.","""datanode"" is a method parameter, and should not be used for synchronization.","java:S2445|""datanode"" is a method parameter, and should not be used for synchronization.","15min","15min","OPEN","cert;cwe;multi-threading","C:\Users\casol\Desktop\zookeeper-metrics\snapshotcomparer\c4\sonar-production"
"zookeeper-snapshotcomparer-c4-production","SnapshotComparer","C4","experiment/snapshot-c4","AaARfnjVo1r9Pg2Q9qn_","java:S106","CODE_SMELL","MAJOR","368","Replace this use of System.out or System.err by a logger.","replace this use of system.out or system.err by a logger.","java:S106|replace this use of system.out or system.err by a logger.","10min","10min","OPEN","bad-practice;cert;owasp-a3","C:\Users\casol\Desktop\zookeeper-metrics\snapshotcomparer\c4\sonar-production"
"zookeeper-snapshotcomparer-c4-production","SnapshotComparer","C4","experiment/snapshot-c4","AaARfnjVo1r9Pg2Q9qoA","java:S106","CODE_SMELL","MAJOR","382","Replace this use of System.out or System.err by a logger.","replace this use of system.out or system.err by a logger.","java:S106|replace this use of system.out or system.err by a logger.","10min","10min","OPEN","bad-practice;cert;owasp-a3","C:\Users\casol\Desktop\zookeeper-metrics\snapshotcomparer\c4\sonar-production"
"zookeeper-snapshotcomparer-c4-production","SnapshotComparer","C4","experiment/snapshot-c4","AaARfnjVo1r9Pg2Q9qoB","java:S106","CODE_SMELL","MAJOR","422","Replace this use of System.out or System.err by a logger.","replace this use of system.out or system.err by a logger.","java:S106|replace this use of system.out or system.err by a logger.","10min","10min","OPEN","bad-practice;cert;owasp-a3","C:\Users\casol\Desktop\zookeeper-metrics\snapshotcomparer\c4\sonar-production"
"zookeeper-snapshotcomparer-c4-production","SnapshotComparer","C4","experiment/snapshot-c4","AaARfnjVo1r9Pg2Q9qn1","java:S1192","CODE_SMELL","CRITICAL","436","Define a constant instead of duplicating this literal ""Analysis for depth %d"" 3 times.","define a constant instead of duplicating this literal ""analysis for depth %d"" <n> times.","java:S1192|define a constant instead of duplicating this literal ""analysis for depth %d"" <n> times.","8min","8min","OPEN","design","C:\Users\casol\Desktop\zookeeper-metrics\snapshotcomparer\c4\sonar-production"
"zookeeper-snapshotcomparer-c4-production","SnapshotComparer","C4","experiment/snapshot-c4","AaARfnjVo1r9Pg2Q9qoC","java:S106","CODE_SMELL","MAJOR","436","Replace this use of System.out or System.err by a logger.","replace this use of system.out or system.err by a logger.","java:S106|replace this use of system.out or system.err by a logger.","10min","10min","OPEN","bad-practice;cert;owasp-a3","C:\Users\casol\Desktop\zookeeper-metrics\snapshotcomparer\c4\sonar-production"
"zookeeper-snapshotcomparer-c4-production","SnapshotComparer","C4","experiment/snapshot-c4","AaARfnjWo1r9Pg2Q9qoD","java:S106","CODE_SMELL","MAJOR","466","Replace this use of System.out or System.err by a logger.","replace this use of system.out or system.err by a logger.","java:S106|replace this use of system.out or system.err by a logger.","10min","10min","OPEN","bad-practice;cert;owasp-a3","C:\Users\casol\Desktop\zookeeper-metrics\snapshotcomparer\c4\sonar-production"
"zookeeper-snapshotcomparer-c4-production","SnapshotComparer","C4","experiment/snapshot-c4","AaARfnjWo1r9Pg2Q9qoG","java:S106","CODE_SMELL","MAJOR","509","Replace this use of System.out or System.err by a logger.","replace this use of system.out or system.err by a logger.","java:S106|replace this use of system.out or system.err by a logger.","10min","10min","OPEN","bad-practice;cert;owasp-a3","C:\Users\casol\Desktop\zookeeper-metrics\snapshotcomparer\c4\sonar-production"
"zookeeper-snapshotcomparer-c4-production","SnapshotComparer","C4","experiment/snapshot-c4","AaARfnjWo1r9Pg2Q9qoH","java:S106","CODE_SMELL","MAJOR","510","Replace this use of System.out or System.err by a logger.","replace this use of system.out or system.err by a logger.","java:S106|replace this use of system.out or system.err by a logger.","10min","10min","OPEN","bad-practice;cert;owasp-a3","C:\Users\casol\Desktop\zookeeper-metrics\snapshotcomparer\c4\sonar-production"
"zookeeper-snapshotcomparer-c4-production","SnapshotComparer","C4","experiment/snapshot-c4","AaARfnjVo1r9Pg2Q9qn3","java:S107","CODE_SMELL","MAJOR","518","Method has 8 parameters, which is greater than 7 authorized.","method has <n> parameters, which is greater than <n> authorized.","java:S107|method has <n> parameters, which is greater than <n> authorized.","20min","20min","OPEN","brain-overload","C:\Users\casol\Desktop\zookeeper-metrics\snapshotcomparer\c4\sonar-production"
"zookeeper-snapshotcomparer-c4-production","SnapshotComparer","C4","experiment/snapshot-c4","AaARfnjWo1r9Pg2Q9qoI","java:S106","CODE_SMELL","MAJOR","532","Replace this use of System.out or System.err by a logger.","replace this use of system.out or system.err by a logger.","java:S106|replace this use of system.out or system.err by a logger.","10min","10min","OPEN","bad-practice;cert;owasp-a3","C:\Users\casol\Desktop\zookeeper-metrics\snapshotcomparer\c4\sonar-production"
"zookeeper-snapshotcomparer-c4-production","SnapshotComparer","C4","experiment/snapshot-c4","AaARfnjWo1r9Pg2Q9qoJ","java:S106","CODE_SMELL","MAJOR","540","Replace this use of System.out or System.err by a logger.","replace this use of system.out or system.err by a logger.","java:S106|replace this use of system.out or system.err by a logger.","10min","10min","OPEN","bad-practice;cert;owasp-a3","C:\Users\casol\Desktop\zookeeper-metrics\snapshotcomparer\c4\sonar-production"
"zookeeper-snapshotcomparer-c4-production","SnapshotComparer","C4","experiment/snapshot-c4","AaARfnjWo1r9Pg2Q9qoK","java:S106","CODE_SMELL","MAJOR","555","Replace this use of System.out or System.err by a logger.","replace this use of system.out or system.err by a logger.","java:S106|replace this use of system.out or system.err by a logger.","10min","10min","OPEN","bad-practice;cert;owasp-a3","C:\Users\casol\Desktop\zookeeper-metrics\snapshotcomparer\c4\sonar-production"
"zookeeper-snapshotcomparer-c4-production","SnapshotComparer","C4","experiment/snapshot-c4","AaARfnjWo1r9Pg2Q9qoL","java:S106","CODE_SMELL","MAJOR","579","Replace this use of System.out or System.err by a logger.","replace this use of system.out or system.err by a logger.","java:S106|replace this use of system.out or system.err by a logger.","10min","10min","OPEN","bad-practice;cert;owasp-a3","C:\Users\casol\Desktop\zookeeper-metrics\snapshotcomparer\c4\sonar-production"
"zookeeper-snapshotcomparer-c4-production","SnapshotComparer","C4","experiment/snapshot-c4","AaARfnjVo1r9Pg2Q9qny","java:S2293","CODE_SMELL","MINOR","588","Replace the type specification in this constructor call with the diamond operator (""<>"").","replace the type specification in this constructor call with the diamond operator (""<>"").","java:S2293|replace the type specification in this constructor call with the diamond operator (""<>"").","1min","1min","OPEN","clumsy","C:\Users\casol\Desktop\zookeeper-metrics\snapshotcomparer\c4\sonar-production"
"zookeeper-snapshotcomparer-c4-production","SnapshotComparer","C4","experiment/snapshot-c4","AaARfnjVo1r9Pg2Q9qnz","java:S2293","CODE_SMELL","MINOR","592","Replace the type specification in this constructor call with the diamond operator (""<>"").","replace the type specification in this constructor call with the diamond operator (""<>"").","java:S2293|replace the type specification in this constructor call with the diamond operator (""<>"").","1min","1min","OPEN","clumsy","C:\Users\casol\Desktop\zookeeper-metrics\snapshotcomparer\c4\sonar-production"
"zookeeper-snapshotcomparer-c4-production","SnapshotComparer","C4","experiment/snapshot-c4","AaARfnjVo1r9Pg2Q9qn0","java:S2293","CODE_SMELL","MINOR","645","Replace the type specification in this constructor call with the diamond operator (""<>"").","replace the type specification in this constructor call with the diamond operator (""<>"").","java:S2293|replace the type specification in this constructor call with the diamond operator (""<>"").","1min","1min","OPEN","clumsy","C:\Users\casol\Desktop\zookeeper-metrics\snapshotcomparer\c4\sonar-production"
"zookeeper-snapshotcomparer-c4-production","SnapshotComparer","C4","experiment/snapshot-c4","AaARfnjWo1r9Pg2Q9qoM","java:S106","CODE_SMELL","MAJOR","741","Replace this use of System.out or System.err by a logger.","replace this use of system.out or system.err by a logger.","java:S106|replace this use of system.out or system.err by a logger.","10min","10min","OPEN","bad-practice;cert;owasp-a3","C:\Users\casol\Desktop\zookeeper-metrics\snapshotcomparer\c4\sonar-production"
"zookeeper-snapshotcomparer-c4-production","SnapshotComparer","C4","experiment/snapshot-c4","AaARfnjVo1r9Pg2Q9qn2","java:S1192","CODE_SMELL","CRITICAL","793","Use already-defined constant 'RIGHT_OPTION' instead of duplicating its value here.","use already-defined constant 'right_option' instead of duplicating its value here.","java:S1192|use already-defined constant 'right_option' instead of duplicating its value here.","4min","4min","OPEN","design","C:\Users\casol\Desktop\zookeeper-metrics\snapshotcomparer\c4\sonar-production"
"zookeeper-snapshotcomparer-c4-production","SnapshotComparer","C4","experiment/snapshot-c4","AaARfnjWo1r9Pg2Q9qoR","java:S106","CODE_SMELL","MAJOR","815","Replace this use of System.out or System.err by a logger.","replace this use of system.out or system.err by a logger.","java:S106|replace this use of system.out or system.err by a logger.","10min","10min","OPEN","bad-practice;cert;owasp-a3","C:\Users\casol\Desktop\zookeeper-metrics\snapshotcomparer\c4\sonar-production"
"zookeeper-snapshotcomparer-c4-production","SnapshotComparer","C4","experiment/snapshot-c4","AaARfnjWo1r9Pg2Q9qoT","java:S106","CODE_SMELL","MAJOR","853","Replace this use of System.out or System.err by a logger.","replace this use of system.out or system.err by a logger.","java:S106|replace this use of system.out or system.err by a logger.","10min","10min","OPEN","bad-practice;cert;owasp-a3","C:\Users\casol\Desktop\zookeeper-metrics\snapshotcomparer\c4\sonar-production"
"zookeeper-snapshotcomparer-c4-production","SnapshotComparer","C4","experiment/snapshot-c4","AaARfnjVo1r9Pg2Q9qn4","java:S106","CODE_SMELL","MAJOR","154","Replace this use of System.out or System.err by a logger.","replace this use of system.out or system.err by a logger.","java:S106|replace this use of system.out or system.err by a logger.","10min","10min","OPEN","bad-practice;cert;owasp-a3","C:\Users\casol\Desktop\zookeeper-metrics\snapshotcomparer\c4\sonar-production"
"zookeeper-snapshotcomparer-c4-production","SnapshotComparer","C4","experiment/snapshot-c4","AaARfnjVo1r9Pg2Q9qn5","java:S106","CODE_SMELL","MAJOR","159","Replace this use of System.out or System.err by a logger.","replace this use of system.out or system.err by a logger.","java:S106|replace this use of system.out or system.err by a logger.","10min","10min","OPEN","bad-practice;cert;owasp-a3","C:\Users\casol\Desktop\zookeeper-metrics\snapshotcomparer\c4\sonar-production"
"zookeeper-snapshotcomparer-c4-production","SnapshotComparer","C4","experiment/snapshot-c4","AaARfnjVo1r9Pg2Q9qn6","java:S106","CODE_SMELL","MAJOR","160","Replace this use of System.out or System.err by a logger.","replace this use of system.out or system.err by a logger.","java:S106|replace this use of system.out or system.err by a logger.","10min","10min","OPEN","bad-practice;cert;owasp-a3","C:\Users\casol\Desktop\zookeeper-metrics\snapshotcomparer\c4\sonar-production"
"zookeeper-snapshotcomparer-c4-production","SnapshotComparer","C4","experiment/snapshot-c4","AaARfnjUo1r9Pg2Q9qnw","java:S112","CODE_SMELL","MAJOR","358","Define and throw a dedicated exception instead of using a generic one.","define and throw a dedicated exception instead of using a generic one.","java:S112|define and throw a dedicated exception instead of using a generic one.","20min","20min","OPEN","cert;cwe;error-handling","C:\Users\casol\Desktop\zookeeper-metrics\snapshotcomparer\c4\sonar-production"
"zookeeper-snapshotcomparer-c4-production","SnapshotComparer","C4","experiment/snapshot-c4","AaARfnjWo1r9Pg2Q9qoX","java:S3398","CODE_SMELL","MINOR","358","Move this method into ""TreeInfo"".","move this method into ""treeinfo"".","java:S3398|move this method into ""treeinfo"".","5min","5min","OPEN","confusing","C:\Users\casol\Desktop\zookeeper-metrics\snapshotcomparer\c4\sonar-production"
"zookeeper-snapshotcomparer-c4-production","SnapshotComparer","C4","experiment/snapshot-c4","AaARfnjWo1r9Pg2Q9qoE","java:S106","CODE_SMELL","MAJOR","481","Replace this use of System.out or System.err by a logger.","replace this use of system.out or system.err by a logger.","java:S106|replace this use of system.out or system.err by a logger.","10min","10min","OPEN","bad-practice;cert;owasp-a3","C:\Users\casol\Desktop\zookeeper-metrics\snapshotcomparer\c4\sonar-production"
"zookeeper-snapshotcomparer-c4-production","SnapshotComparer","C4","experiment/snapshot-c4","AaARfnjWo1r9Pg2Q9qoF","java:S106","CODE_SMELL","MAJOR","504","Replace this use of System.out or System.err by a logger.","replace this use of system.out or system.err by a logger.","java:S106|replace this use of system.out or system.err by a logger.","10min","10min","OPEN","bad-practice;cert;owasp-a3","C:\Users\casol\Desktop\zookeeper-metrics\snapshotcomparer\c4\sonar-production"
"zookeeper-snapshotcomparer-c4-production","SnapshotComparer","C4","experiment/snapshot-c4","AaARfnjWo1r9Pg2Q9qoN","java:S106","CODE_SMELL","MAJOR","752","Replace this use of System.out or System.err by a logger.","replace this use of system.out or system.err by a logger.","java:S106|replace this use of system.out or system.err by a logger.","10min","10min","OPEN","bad-practice;cert;owasp-a3","C:\Users\casol\Desktop\zookeeper-metrics\snapshotcomparer\c4\sonar-production"
"zookeeper-snapshotcomparer-c4-production","SnapshotComparer","C4","experiment/snapshot-c4","AaARfnjWo1r9Pg2Q9qoO","java:S106","CODE_SMELL","MAJOR","754","Replace this use of System.out or System.err by a logger.","replace this use of system.out or system.err by a logger.","java:S106|replace this use of system.out or system.err by a logger.","10min","10min","OPEN","bad-practice;cert;owasp-a3","C:\Users\casol\Desktop\zookeeper-metrics\snapshotcomparer\c4\sonar-production"
"zookeeper-snapshotcomparer-c4-production","SnapshotComparer","C4","experiment/snapshot-c4","AaARfnjWo1r9Pg2Q9qoP","java:S106","CODE_SMELL","MAJOR","756","Replace this use of System.out or System.err by a logger.","replace this use of system.out or system.err by a logger.","java:S106|replace this use of system.out or system.err by a logger.","10min","10min","OPEN","bad-practice;cert;owasp-a3","C:\Users\casol\Desktop\zookeeper-metrics\snapshotcomparer\c4\sonar-production"
"zookeeper-snapshotcomparer-c4-production","SnapshotComparer","C4","experiment/snapshot-c4","AaARfnjWo1r9Pg2Q9qoQ","java:S106","CODE_SMELL","MAJOR","813","Replace this use of System.out or System.err by a logger.","replace this use of system.out or system.err by a logger.","java:S106|replace this use of system.out or system.err by a logger.","10min","10min","OPEN","bad-practice;cert;owasp-a3","C:\Users\casol\Desktop\zookeeper-metrics\snapshotcomparer\c4\sonar-production"
"zookeeper-snapshotcomparer-c4-production","SnapshotComparer","C4","experiment/snapshot-c4","AaARfnjWo1r9Pg2Q9qoS","java:S106","CODE_SMELL","MAJOR","846","Replace this use of System.out or System.err by a logger.","replace this use of system.out or system.err by a logger.","java:S106|replace this use of system.out or system.err by a logger.","10min","10min","OPEN","bad-practice;cert;owasp-a3","C:\Users\casol\Desktop\zookeeper-metrics\snapshotcomparer\c4\sonar-production"
"zookeeper-watchmanager-c0-production","WatchManager","C0","experiment/watchmanager-c0","AaARhGDjo1r9Pg2Q9qrj","java:S3776","CODE_SMELL","CRITICAL","140","Refactor this method to reduce its Cognitive Complexity from 31 to the 15 allowed.","refactor this method to reduce its cognitive complexity from <n> to the <n> allowed.","java:S3776|refactor this method to reduce its cognitive complexity from <n> to the <n> allowed.","21min","21min","OPEN","brain-overload","C:\Users\casol\Desktop\zookeeper-metrics\watchmanager\c0\sonar-production"
"zookeeper-watchmanager-c0-production","WatchManager","C0","experiment/watchmanager-c0","AaARhGDio1r9Pg2Q9qrh","java:S3824","CODE_SMELL","MAJOR","91","Replace this ""Map.get()"" and condition with a call to ""Map.computeIfAbsent()"".","replace this ""map.get()"" and condition with a call to ""map.computeifabsent()"".","java:S3824|replace this ""map.get()"" and condition with a call to ""map.computeifabsent()"".","10min","10min","OPEN","java8","C:\Users\casol\Desktop\zookeeper-metrics\watchmanager\c0\sonar-production"
"zookeeper-watchmanager-c0-production","WatchManager","C0","experiment/watchmanager-c0","AaARhGDjo1r9Pg2Q9qri","java:S3824","CODE_SMELL","MAJOR","81","Replace this ""Map.get()"" and condition with a call to ""Map.computeIfAbsent()"".","replace this ""map.get()"" and condition with a call to ""map.computeifabsent()"".","java:S3824|replace this ""map.get()"" and condition with a call to ""map.computeifabsent()"".","10min","10min","OPEN","java8","C:\Users\casol\Desktop\zookeeper-metrics\watchmanager\c0\sonar-production"
"zookeeper-watchmanager-c1-production","WatchManager","C1","experiment/watchmanager-c1","AaARh6sIo1r9Pg2Q9qus","java:S1128","CODE_SMELL","MINOR","39","Remove this unnecessary import: same package classes are always implicitly imported.","remove this unnecessary import: same package classes are always implicitly imported.","java:S1128|remove this unnecessary import: same package classes are always implicitly imported.","2min","2min","OPEN","unused","C:\Users\casol\Desktop\zookeeper-metrics\watchmanager\c1\sonar-production"
"zookeeper-watchmanager-c1-production","WatchManager","C1","experiment/watchmanager-c1","AaARh6sIo1r9Pg2Q9qur","java:S3824","CODE_SMELL","MAJOR","106","Replace this ""Map.get()"" and condition with a call to ""Map.computeIfAbsent()"".","replace this ""map.get()"" and condition with a call to ""map.computeifabsent()"".","java:S3824|replace this ""map.get()"" and condition with a call to ""map.computeifabsent()"".","10min","10min","OPEN","java8","C:\Users\casol\Desktop\zookeeper-metrics\watchmanager\c1\sonar-production"
"zookeeper-watchmanager-c1-production","WatchManager","C1","experiment/watchmanager-c1","AaARh6sIo1r9Pg2Q9quq","java:S3824","CODE_SMELL","MAJOR","119","Replace this ""Map.get()"" and condition with a call to ""Map.computeIfAbsent()"".","replace this ""map.get()"" and condition with a call to ""map.computeifabsent()"".","java:S3824|replace this ""map.get()"" and condition with a call to ""map.computeifabsent()"".","10min","10min","OPEN","java8","C:\Users\casol\Desktop\zookeeper-metrics\watchmanager\c1\sonar-production"
"zookeeper-watchmanager-c2-production","WatchManager","C2","experiment/watchmanager-c2","AaARi4cVo1r9Pg2Q9qx1","java:S1128","CODE_SMELL","MINOR","39","Remove this unnecessary import: same package classes are always implicitly imported.","remove this unnecessary import: same package classes are always implicitly imported.","java:S1128|remove this unnecessary import: same package classes are always implicitly imported.","2min","2min","OPEN","unused","C:\Users\casol\Desktop\zookeeper-metrics\watchmanager\c2\sonar-production"
"zookeeper-watchmanager-c2-production","WatchManager","C2","experiment/watchmanager-c2","AaARi4cVo1r9Pg2Q9qx0","java:S3824","CODE_SMELL","MAJOR","104","Replace this ""Map.get()"" and condition with a call to ""Map.computeIfAbsent()"".","replace this ""map.get()"" and condition with a call to ""map.computeifabsent()"".","java:S3824|replace this ""map.get()"" and condition with a call to ""map.computeifabsent()"".","10min","10min","OPEN","java8","C:\Users\casol\Desktop\zookeeper-metrics\watchmanager\c2\sonar-production"
"zookeeper-watchmanager-c2-production","WatchManager","C2","experiment/watchmanager-c2","AaARi4cVo1r9Pg2Q9qxz","java:S3824","CODE_SMELL","MAJOR","117","Replace this ""Map.get()"" and condition with a call to ""Map.computeIfAbsent()"".","replace this ""map.get()"" and condition with a call to ""map.computeifabsent()"".","java:S3824|replace this ""map.get()"" and condition with a call to ""map.computeifabsent()"".","10min","10min","OPEN","java8","C:\Users\casol\Desktop\zookeeper-metrics\watchmanager\c2\sonar-production"
"zookeeper-watchmanager-c3-production","WatchManager","C3","experiment/watchmanager-c3","AaARjlcSo1r9Pg2Q9q0-","java:S1128","CODE_SMELL","MINOR","39","Remove this unnecessary import: same package classes are always implicitly imported.","remove this unnecessary import: same package classes are always implicitly imported.","java:S1128|remove this unnecessary import: same package classes are always implicitly imported.","2min","2min","OPEN","unused","C:\Users\casol\Desktop\zookeeper-metrics\watchmanager\c3\sonar-production"
"zookeeper-watchmanager-c3-production","WatchManager","C3","experiment/watchmanager-c3","AaARjlcSo1r9Pg2Q9q09","java:S3824","CODE_SMELL","MAJOR","103","Replace this ""Map.get()"" and condition with a call to ""Map.computeIfAbsent()"".","replace this ""map.get()"" and condition with a call to ""map.computeifabsent()"".","java:S3824|replace this ""map.get()"" and condition with a call to ""map.computeifabsent()"".","10min","10min","OPEN","java8","C:\Users\casol\Desktop\zookeeper-metrics\watchmanager\c3\sonar-production"
"zookeeper-watchmanager-c3-production","WatchManager","C3","experiment/watchmanager-c3","AaARjlcSo1r9Pg2Q9q08","java:S3824","CODE_SMELL","MAJOR","116","Replace this ""Map.get()"" and condition with a call to ""Map.computeIfAbsent()"".","replace this ""map.get()"" and condition with a call to ""map.computeifabsent()"".","java:S3824|replace this ""map.get()"" and condition with a call to ""map.computeifabsent()"".","10min","10min","OPEN","java8","C:\Users\casol\Desktop\zookeeper-metrics\watchmanager\c3\sonar-production"
"zookeeper-watchmanager-c4-production","WatchManager","C4","experiment/watchmanager-c4","AaARkZ1to1r9Pg2Q9q4G","java:S1128","CODE_SMELL","MINOR","39","Remove this unnecessary import: same package classes are always implicitly imported.","remove this unnecessary import: same package classes are always implicitly imported.","java:S1128|remove this unnecessary import: same package classes are always implicitly imported.","2min","2min","OPEN","unused","C:\Users\casol\Desktop\zookeeper-metrics\watchmanager\c4\sonar-production"
"zookeeper-watchmanager-c4-production","WatchManager","C4","experiment/watchmanager-c4","AaARkZ1so1r9Pg2Q9q4F","java:S3824","CODE_SMELL","MAJOR","108","Replace this ""Map.get()"" and condition with a call to ""Map.computeIfAbsent()"".","replace this ""map.get()"" and condition with a call to ""map.computeifabsent()"".","java:S3824|replace this ""map.get()"" and condition with a call to ""map.computeifabsent()"".","10min","10min","OPEN","java8","C:\Users\casol\Desktop\zookeeper-metrics\watchmanager\c4\sonar-production"
